A,Ag,Al,Au,B,Be,C,Ca,Co,Cr,Cu,D,E,Fe,Ga,Gd,Hf,I,Ir,Li,M,Mg,Mn,Mo,N,Nb,Ni,O,P,Pb,Pd,Pt,Q,Re,Rh,S,Si,Sn,Sr,T,Ta,Ti,V,Vi,W,Y,Yb,Zn,Zr,comp_key
0.0,0.0,0.0,0.0,0.0,0.0,0.0,0.0,0.0,0.0,0.0,0.0,0.0,0.0,0.0,0.0,0.0,0.17241379,0.0,0.0,0.0,0.0,0.0,0.25862069,0.0,0.17241379,0.0,0.0,0.0,0.0,0.0,0.0,0.0,0.0,0.0,0.0,0.0,0.0,0.0,0.17241379,0.0,0.0,0.05172414,0.0,0.0,0.0,0.0,0.0,0.17241379,0.00000000|0.00000000|0.00000000|0.00000000|0.00000000|0.00000000|0.00000000|0.00000000|0.00000000|0.00000000|0.00000000|0.00000000|0.00000000|0.00000000|0.00000000|0.00000000|0.00000000|0.17241379|0.00000000|0.00000000|0.00000000|0.00000000|0.00000000|0.25862069|0.00000000|0.17241379|0.00000000|0.00000000|0.00000000|0.00000000|0.00000000|0.00000000|0.00000000|0.00000000|0.00000000|0.00000000|0.00000000|0.00000000|0.00000000|0.17241379|0.00000000|0.00000000|0.05172414|0.00000000|0.00000000|0.00000000|0.00000000|0.00000000|0.17241379
0.0,0.0,0.0,0.0,0.0,0.0,0.0,0.0,0.0,0.0,0.0,0.0,0.0,0.0,0.0,0.0,0.0,0.17857143,0.0,0.0,0.0,0.0,0.0,0.23214286,0.0,0.17857143,0.0,0.0,0.0,0.0,0.0,0.0,0.0,0.0,0.0,0.0,0.0,0.0,0.0,0.17857143,0.0,0.0,0.05357143,0.0,0.0,0.0,0.0,0.0,0.17857143,0.00000000|0.00000000|0.00000000|0.00000000|0.00000000|0.00000000|0.00000000|0.00000000|0.00000000|0.00000000|0.00000000|0.00000000|0.00000000|0.00000000|0.00000000|0.00000000|0.00000000|0.17857143|0.00000000|0.00000000|0.00000000|0.00000000|0.00000000|0.23214286|0.00000000|0.17857143|0.00000000|0.00000000|0.00000000|0.00000000|0.00000000|0.00000000|0.00000000|0.00000000|0.00000000|0.00000000|0.00000000|0.00000000|0.00000000|0.17857143|0.00000000|0.00000000|0.05357143|0.00000000|0.00000000|0.00000000|0.00000000|0.00000000|0.17857143
0.0,0.0,0.0,0.0,0.0,0.0,0.0,0.0,0.0,0.0,0.0,0.0,0.0,0.0,0.0,0.0,0.0,0.18181818,0.0,0.0,0.0,0.0,0.0,0.18181818,0.0,0.18181818,0.0,0.0,0.0,0.0,0.0,0.0,0.0,0.0,0.0,0.0,0.0,0.0,0.0,0.18181818,0.0,0.0,0.09090909,0.0,0.0,0.0,0.0,0.0,0.18181818,0.00000000|0.00000000|0.00000000|0.00000000|0.00000000|0.00000000|0.00000000|0.00000000|0.00000000|0.00000000|0.00000000|0.00000000|0.00000000|0.00000000|0.00000000|0.00000000|0.00000000|0.18181818|0.00000000|0.00000000|0.00000000|0.00000000|0.00000000|0.18181818|0.00000000|0.18181818|0.00000000|0.00000000|0.00000000|0.00000000|0.00000000|0.00000000|0.00000000|0.00000000|0.00000000|0.00000000|0.00000000|0.00000000|0.00000000|0.18181818|0.00000000|0.00000000|0.09090909|0.00000000|0.00000000|0.00000000|0.00000000|0.00000000|0.18181818
0.0,0.0,0.0,0.0,0.0,0.0,0.0,0.0,0.0,0.0,0.0,0.0,0.0,0.0,0.0,0.0,0.0,0.18867925,0.0,0.0,0.0,0.0,0.0,0.18867925,0.0,0.18867925,0.0,0.0,0.0,0.0,0.0,0.0,0.0,0.0,0.0,0.0,0.0,0.0,0.0,0.18867925,0.0,0.0,0.05660377,0.0,0.0,0.0,0.0,0.0,0.18867925,0.00000000|0.00000000|0.00000000|0.00000000|0.00000000|0.00000000|0.00000000|0.00000000|0.00000000|0.00000000|0.00000000|0.00000000|0.00000000|0.00000000|0.00000000|0.00000000|0.00000000|0.18867925|0.00000000|0.00000000|0.00000000|0.00000000|0.00000000|0.18867925|0.00000000|0.18867925|0.00000000|0.00000000|0.00000000|0.00000000|0.00000000|0.00000000|0.00000000|0.00000000|0.00000000|0.00000000|0.00000000|0.00000000|0.00000000|0.18867925|0.00000000|0.00000000|0.05660377|0.00000000|0.00000000|0.00000000|0.00000000|0.00000000|0.18867925
0.0,0.0,0.0,0.0,0.0,0.0,0.0,0.0,0.0,0.0,0.0,0.0,0.0,0.0,0.0,0.0,0.0,0.2,0.0,0.0,0.0,0.0,0.0,0.14,0.0,0.2,0.0,0.0,0.0,0.0,0.0,0.0,0.0,0.0,0.0,0.0,0.0,0.0,0.0,0.2,0.0,0.0,0.06,0.0,0.0,0.0,0.0,0.0,0.2,0.00000000|0.00000000|0.00000000|0.00000000|0.00000000|0.00000000|0.00000000|0.00000000|0.00000000|0.00000000|0.00000000|0.00000000|0.00000000|0.00000000|0.00000000|0.00000000|0.00000000|0.20000000|0.00000000|0.00000000|0.00000000|0.00000000|0.00000000|0.14000000|0.00000000|0.20000000|0.00000000|0.00000000|0.00000000|0.00000000|0.00000000|0.00000000|0.00000000|0.00000000|0.00000000|0.00000000|0.00000000|0.00000000|0.00000000|0.20000000|0.00000000|0.00000000|0.06000000|0.00000000|0.00000000|0.00000000|0.00000000|0.00000000|0.20000000
0.0,0.0,0.0,0.0,0.0,0.0,0.0,0.0,0.0,0.0,0.0,0.0,0.0,0.0,0.0,0.0,0.0,0.2173913,0.0,0.0,0.0,0.0,0.0,0.06521739,0.0,0.2173913,0.0,0.0,0.0,0.0,0.0,0.0,0.0,0.0,0.0,0.0,0.0,0.0,0.0,0.2173913,0.0,0.0,0.06521739,0.0,0.0,0.0,0.0,0.0,0.2173913,0.00000000|0.00000000|0.00000000|0.00000000|0.00000000|0.00000000|0.00000000|0.00000000|0.00000000|0.00000000|0.00000000|0.00000000|0.00000000|0.00000000|0.00000000|0.00000000|0.00000000|0.21739130|0.00000000|0.00000000|0.00000000|0.00000000|0.00000000|0.06521739|0.00000000|0.21739130|0.00000000|0.00000000|0.00000000|0.00000000|0.00000000|0.00000000|0.00000000|0.00000000|0.00000000|0.00000000|0.00000000|0.00000000|0.00000000|0.21739130|0.00000000|0.00000000|0.06521739|0.00000000|0.00000000|0.00000000|0.00000000|0.00000000|0.21739130
0.0,0.0,0.0,0.0,0.0,0.0,0.0,0.0,0.0,0.0,0.0,0.0,0.0,0.0,0.0,0.0,0.15384615,0.15384615,0.0,0.0,0.0,0.0,0.0,0.0,0.0,0.15384615,0.0,0.0,0.0,0.0,0.0,0.0,0.0,0.0,0.0,0.0,0.07692308,0.0,0.0,0.15384615,0.0,0.0,0.15384615,0.0,0.0,0.0,0.0,0.0,0.15384615,0.00000000|0.00000000|0.00000000|0.00000000|0.00000000|0.00000000|0.00000000|0.00000000|0.00000000|0.00000000|0.00000000|0.00000000|0.00000000|0.00000000|0.00000000|0.00000000|0.15384615|0.15384615|0.00000000|0.00000000|0.00000000|0.00000000|0.00000000|0.00000000|0.00000000|0.15384615|0.00000000|0.00000000|0.00000000|0.00000000|0.00000000|0.00000000|0.00000000|0.00000000|0.00000000|0.00000000|0.07692308|0.00000000|0.00000000|0.15384615|0.00000000|0.00000000|0.15384615|0.00000000|0.00000000|0.00000000|0.00000000|0.00000000|0.15384615
0.0,0.0,0.0,0.0,0.0,0.0,0.0,0.0,0.0,0.0,0.0,0.0,0.0,0.0,0.0,0.0,0.18181818,0.18181818,0.0,0.0,0.0,0.0,0.0,0.09090909,0.0,0.18181818,0.0,0.0,0.0,0.0,0.0,0.0,0.0,0.0,0.0,0.0,0.09090909,0.0,0.0,0.18181818,0.0,0.0,0.09090909,0.0,0.0,0.0,0.0,0.0,0.0,0.00000000|0.00000000|0.00000000|0.00000000|0.00000000|0.00000000|0.00000000|0.00000000|0.00000000|0.00000000|0.00000000|0.00000000|0.00000000|0.00000000|0.00000000|0.00000000|0.18181818|0.18181818|0.00000000|0.00000000|0.00000000|0.00000000|0.00000000|0.09090909|0.00000000|0.18181818|0.00000000|0.00000000|0.00000000|0.00000000|0.00000000|0.00000000|0.00000000|0.00000000|0.00000000|0.00000000|0.09090909|0.00000000|0.00000000|0.18181818|0.00000000|0.00000000|0.09090909|0.00000000|0.00000000|0.00000000|0.00000000|0.00000000|0.00000000
0.0,0.0,0.0,0.0,0.0,0.0,0.0,0.0,0.0,0.0,0.0,0.0,0.0,0.0,0.0,0.0,0.2,0.2,0.0,0.0,0.0,0.0,0.0,0.0,0.0,0.2,0.0,0.0,0.0,0.0,0.0,0.0,0.0,0.0,0.0,0.0,0.0,0.0,0.0,0.2,0.0,0.0,0.2,0.0,0.0,0.0,0.0,0.0,0.0,0.00000000|0.00000000|0.00000000|0.00000000|0.00000000|0.00000000|0.00000000|0.00000000|0.00000000|0.00000000|0.00000000|0.00000000|0.00000000|0.00000000|0.00000000|0.00000000|0.20000000|0.20000000|0.00000000|0.00000000|0.00000000|0.00000000|0.00000000|0.00000000|0.00000000|0.20000000|0.00000000|0.00000000|0.00000000|0.00000000|0.00000000|0.00000000|0.00000000|0.00000000|0.00000000|0.00000000|0.00000000|0.00000000|0.00000000|0.20000000|0.00000000|0.00000000|0.20000000|0.00000000|0.00000000|0.00000000|0.00000000|0.00000000|0.00000000
0.0,0.0,0.0,0.0,0.0,0.0,0.0,0.0,0.0,0.0,0.0,0.0,0.0,0.0,0.0,0.0,0.23809524,0.0,0.0,0.0,0.0,0.0,0.0,0.0,0.0,0.11904762,0.0,0.04761905,0.0,0.0,0.0,0.0,0.0,0.0,0.0,0.0,0.0,0.0,0.0,0.0,0.11904762,0.23809524,0.0,0.0,0.0,0.0,0.0,0.0,0.23809524,0.00000000|0.00000000|0.00000000|0.00000000|0.00000000|0.00000000|0.00000000|0.00000000|0.00000000|0.00000000|0.00000000|0.00000000|0.00000000|0.00000000|0.00000000|0.00000000|0.23809524|0.00000000|0.00000000|0.00000000|0.00000000|0.00000000|0.00000000|0.00000000|0.00000000|0.11904762|0.00000000|0.04761905|0.00000000|0.00000000|0.00000000|0.00000000|0.00000000|0.00000000|0.00000000|0.00000000|0.00000000|0.00000000|0.00000000|0.00000000|0.11904762|0.23809524|0.00000000|0.00000000|0.00000000|0.00000000|0.00000000|0.00000000|0.23809524
0.0,0.0,0.0,0.0,0.0,0.0,0.0,0.0,0.0,0.0,0.0,0.0,0.0,0.0,0.0,0.0,0.24390244,0.0,0.0,0.0,0.0,0.0,0.0,0.0,0.0,0.12195122,0.0,0.02439024,0.0,0.0,0.0,0.0,0.0,0.0,0.0,0.0,0.0,0.0,0.0,0.0,0.12195122,0.24390244,0.0,0.0,0.0,0.0,0.0,0.0,0.24390244,0.00000000|0.00000000|0.00000000|0.00000000|0.00000000|0.00000000|0.00000000|0.00000000|0.00000000|0.00000000|0.00000000|0.00000000|0.00000000|0.00000000|0.00000000|0.00000000|0.24390244|0.00000000|0.00000000|0.00000000|0.00000000|0.00000000|0.00000000|0.00000000|0.00000000|0.12195122|0.00000000|0.02439024|0.00000000|0.00000000|0.00000000|0.00000000|0.00000000|0.00000000|0.00000000|0.00000000|0.00000000|0.00000000|0.00000000|0.00000000|0.12195122|0.24390244|0.00000000|0.00000000|0.00000000|0.00000000|0.00000000|0.00000000|0.24390244
0.0,0.0,0.0,0.0,0.0,0.0,0.0,0.0,0.0,0.0,0.0,0.0,0.0,0.0,0.0,0.0,0.24691358,0.0,0.0,0.0,0.0,0.0,0.0,0.0,0.0,0.12345679,0.0,0.01234568,0.0,0.0,0.0,0.0,0.0,0.0,0.0,0.0,0.0,0.0,0.0,0.0,0.12345679,0.24691358,0.0,0.0,0.0,0.0,0.0,0.0,0.24691358,0.00000000|0.00000000|0.00000000|0.00000000|0.00000000|0.00000000|0.00000000|0.00000000|0.00000000|0.00000000|0.00000000|0.00000000|0.00000000|0.00000000|0.00000000|0.00000000|0.24691358|0.00000000|0.00000000|0.00000000|0.00000000|0.00000000|0.00000000|0.00000000|0.00000000|0.12345679|0.00000000|0.01234568|0.00000000|0.00000000|0.00000000|0.00000000|0.00000000|0.00000000|0.00000000|0.00000000|0.00000000|0.00000000|0.00000000|0.00000000|0.12345679|0.24691358|0.00000000|0.00000000|0.00000000|0.00000000|0.00000000|0.00000000|0.24691358
0.0,0.0,0.0,0.0,0.0,0.0,0.0,0.0,0.0,0.0,0.0,0.0,0.16666667,0.0,0.0,0.0,0.0,0.0,0.0,0.0,0.16666667,0.0,0.0,0.0,0.0,0.16666667,0.0,0.0,0.0,0.0,0.0,0.0,0.0,0.0,0.0,0.0,0.0,0.0,0.0,0.0,0.16666667,0.16666667,0.16666667,0.0,0.0,0.0,0.0,0.0,0.0,0.00000000|0.00000000|0.00000000|0.00000000|0.00000000|0.00000000|0.00000000|0.00000000|0.00000000|0.00000000|0.00000000|0.00000000|0.16666667|0.00000000|0.00000000|0.00000000|0.00000000|0.00000000|0.00000000|0.00000000|0.16666667|0.00000000|0.00000000|0.00000000|0.00000000|0.16666667|0.00000000|0.00000000|0.00000000|0.00000000|0.00000000|0.00000000|0.00000000|0.00000000|0.00000000|0.00000000|0.00000000|0.00000000|0.00000000|0.00000000|0.16666667|0.16666667|0.16666667|0.00000000|0.00000000|0.00000000|0.00000000|0.00000000|0.00000000
0.0,0.0,0.0,0.0,0.0,0.0,0.0,0.0,0.0,0.0,0.16666667,0.0,0.0,0.0,0.0,0.0,0.0,0.0,0.16666667,0.0,0.0,0.0,0.0,0.0,0.0,0.0,0.16666667,0.0,0.0,0.0,0.16666667,0.16666667,0.0,0.0,0.16666667,0.0,0.0,0.0,0.0,0.0,0.0,0.0,0.0,0.0,0.0,0.0,0.0,0.0,0.0,0.00000000|0.00000000|0.00000000|0.00000000|0.00000000|0.00000000|0.00000000|0.00000000|0.00000000|0.00000000|0.16666667|0.00000000|0.00000000|0.00000000|0.00000000|0.00000000|0.00000000|0.00000000|0.16666667|0.00000000|0.00000000|0.00000000|0.00000000|0.00000000|0.00000000|0.00000000|0.16666667|0.00000000|0.00000000|0.00000000|0.16666667|0.16666667|0.00000000|0.00000000|0.16666667|0.00000000|0.00000000|0.00000000|0.00000000|0.00000000|0.00000000|0.00000000|0.00000000|0.00000000|0.00000000|0.00000000|0.00000000|0.00000000|0.00000000
0.0,0.0,0.0,0.0,0.0,0.0,0.0,0.0,0.0,0.06666667,0.06666667,0.0,0.0,0.06666667,0.0,0.0,0.0,0.0,0.0,0.0,0.0,0.0,0.0,0.0,0.0,0.0,0.0,0.0,0.0,0.66666667,0.0,0.0,0.0,0.0,0.0,0.0,0.0,0.0,0.0,0.0,0.0,0.06666667,0.0,0.0,0.0,0.0,0.0,0.06666667,0.0,0.00000000|0.00000000|0.00000000|0.00000000|0.00000000|0.00000000|0.00000000|0.00000000|0.00000000|0.06666667|0.06666667|0.00000000|0.00000000|0.06666667|0.00000000|0.00000000|0.00000000|0.00000000|0.00000000|0.00000000|0.00000000|0.00000000|0.00000000|0.00000000|0.00000000|0.00000000|0.00000000|0.00000000|0.00000000|0.66666667|0.00000000|0.00000000|0.00000000|0.00000000|0.00000000|0.00000000|0.00000000|0.00000000|0.00000000|0.00000000|0.00000000|0.06666667|0.00000000|0.00000000|0.00000000|0.00000000|0.00000000|0.06666667|0.00000000
0.0,0.0,0.0,0.0,0.0,0.0,0.0,0.0,0.0,0.1,0.1,0.0,0.0,0.1,0.0,0.0,0.0,0.0,0.0,0.0,0.0,0.0,0.0,0.0,0.0,0.0,0.0,0.0,0.0,0.5,0.0,0.0,0.0,0.0,0.0,0.0,0.0,0.0,0.0,0.0,0.0,0.1,0.0,0.0,0.0,0.0,0.0,0.1,0.0,0.00000000|0.00000000|0.00000000|0.00000000|0.00000000|0.00000000|0.00000000|0.00000000|0.00000000|0.10000000|0.10000000|0.00000000|0.00000000|0.10000000|0.00000000|0.00000000|0.00000000|0.00000000|0.00000000|0.00000000|0.00000000|0.00000000|0.00000000|0.00000000|0.00000000|0.00000000|0.00000000|0.00000000|0.00000000|0.50000000|0.00000000|0.00000000|0.00000000|0.00000000|0.00000000|0.00000000|0.00000000|0.00000000|0.00000000|0.00000000|0.00000000|0.10000000|0.00000000|0.00000000|0.00000000|0.00000000|0.00000000|0.10000000|0.00000000
0.0,0.0,0.0,0.0,0.0,0.0,0.0,0.0,0.18867925,0.18867925,0.18867925,0.0,0.0,0.18867925,0.0,0.05660377,0.0,0.0,0.0,0.0,0.0,0.0,0.0,0.0,0.0,0.0,0.18867925,0.0,0.0,0.0,0.0,0.0,0.0,0.0,0.0,0.0,0.0,0.0,0.0,0.0,0.0,0.0,0.0,0.0,0.0,0.0,0.0,0.0,0.0,0.00000000|0.00000000|0.00000000|0.00000000|0.00000000|0.00000000|0.00000000|0.00000000|0.18867925|0.18867925|0.18867925|0.00000000|0.00000000|0.18867925|0.00000000|0.05660377|0.00000000|0.00000000|0.00000000|0.00000000|0.00000000|0.00000000|0.00000000|0.00000000|0.00000000|0.00000000|0.18867925|0.00000000|0.00000000|0.00000000|0.00000000|0.00000000|0.00000000|0.00000000|0.00000000|0.00000000|0.00000000|0.00000000|0.00000000|0.00000000|0.00000000|0.00000000|0.00000000|0.00000000|0.00000000|0.00000000|0.00000000|0.00000000|0.00000000
0.0,0.0,0.0,0.0,0.0,0.0,0.0,0.0,0.19230769,0.19230769,0.19230769,0.0,0.0,0.19230769,0.0,0.03846154,0.0,0.0,0.0,0.0,0.0,0.0,0.0,0.0,0.0,0.0,0.19230769,0.0,0.0,0.0,0.0,0.0,0.0,0.0,0.0,0.0,0.0,0.0,0.0,0.0,0.0,0.0,0.0,0.0,0.0,0.0,0.0,0.0,0.0,0.00000000|0.00000000|0.00000000|0.00000000|0.00000000|0.00000000|0.00000000|0.00000000|0.19230769|0.19230769|0.19230769|0.00000000|0.00000000|0.19230769|0.00000000|0.03846154|0.00000000|0.00000000|0.00000000|0.00000000|0.00000000|0.00000000|0.00000000|0.00000000|0.00000000|0.00000000|0.19230769|0.00000000|0.00000000|0.00000000|0.00000000|0.00000000|0.00000000|0.00000000|0.00000000|0.00000000|0.00000000|0.00000000|0.00000000|0.00000000|0.00000000|0.00000000|0.00000000|0.00000000|0.00000000|0.00000000|0.00000000|0.00000000|0.00000000
0.0,0.0,0.0,0.0,0.0,0.0,0.0,0.0,0.19607843,0.19607843,0.19607843,0.0,0.0,0.19607843,0.0,0.01960784,0.0,0.0,0.0,0.0,0.0,0.0,0.0,0.0,0.0,0.0,0.19607843,0.0,0.0,0.0,0.0,0.0,0.0,0.0,0.0,0.0,0.0,0.0,0.0,0.0,0.0,0.0,0.0,0.0,0.0,0.0,0.0,0.0,0.0,0.00000000|0.00000000|0.00000000|0.00000000|0.00000000|0.00000000|0.00000000|0.00000000|0.19607843|0.19607843|0.19607843|0.00000000|0.00000000|0.19607843|0.00000000|0.01960784|0.00000000|0.00000000|0.00000000|0.00000000|0.00000000|0.00000000|0.00000000|0.00000000|0.00000000|0.00000000|0.19607843|0.00000000|0.00000000|0.00000000|0.00000000|0.00000000|0.00000000|0.00000000|0.00000000|0.00000000|0.00000000|0.00000000|0.00000000|0.00000000|0.00000000|0.00000000|0.00000000|0.00000000|0.00000000|0.00000000|0.00000000|0.00000000|0.00000000
0.0,0.0,0.0,0.0,0.0,0.0,0.0,0.0,0.1980198,0.1980198,0.1980198,0.0,0.0,0.1980198,0.0,0.00990099,0.0,0.0,0.0,0.0,0.0,0.0,0.0,0.0,0.0,0.0,0.1980198,0.0,0.0,0.0,0.0,0.0,0.0,0.0,0.0,0.0,0.0,0.0,0.0,0.0,0.0,0.0,0.0,0.0,0.0,0.0,0.0,0.0,0.0,0.00000000|0.00000000|0.00000000|0.00000000|0.00000000|0.00000000|0.00000000|0.00000000|0.19801980|0.19801980|0.19801980|0.00000000|0.00000000|0.19801980|0.00000000|0.00990099|0.00000000|0.00000000|0.00000000|0.00000000|0.00000000|0.00000000|0.00000000|0.00000000|0.00000000|0.00000000|0.19801980|0.00000000|0.00000000|0.00000000|0.00000000|0.00000000|0.00000000|0.00000000|0.00000000|0.00000000|0.00000000|0.00000000|0.00000000|0.00000000|0.00000000|0.00000000|0.00000000|0.00000000|0.00000000|0.00000000|0.00000000|0.00000000|0.00000000
0.0,0.0,0.0,0.0,0.0,0.0,0.0,0.0,0.22222222,0.22222222,0.0,0.0,0.0,0.22222222,0.0,0.0,0.0,0.0,0.0,0.0,0.0,0.0,0.0,0.0,0.0,0.0,0.22222222,0.0,0.0,0.0,0.0,0.0,0.0,0.0,0.0,0.11111111,0.0,0.0,0.0,0.0,0.0,0.0,0.0,0.0,0.0,0.0,0.0,0.0,0.0,0.00000000|0.00000000|0.00000000|0.00000000|0.00000000|0.00000000|0.00000000|0.00000000|0.22222222|0.22222222|0.00000000|0.00000000|0.00000000|0.22222222|0.00000000|0.00000000|0.00000000|0.00000000|0.00000000|0.00000000|0.00000000|0.00000000|0.00000000|0.00000000|0.00000000|0.00000000|0.22222222|0.00000000|0.00000000|0.00000000|0.00000000|0.00000000|0.00000000|0.00000000|0.00000000|0.11111111|0.00000000|0.00000000|0.00000000|0.00000000|0.00000000|0.00000000|0.00000000|0.00000000|0.00000000|0.00000000|0.00000000|0.00000000|0.00000000
0.0,0.0,0.0,0.0,0.0,0.0,0.0,0.2,0.0,0.0,0.0,0.0,0.0,0.0,0.0,0.0,0.0,0.0,0.0,0.0,0.0,0.2,0.0,0.0,0.0,0.0,0.0,0.0,0.0,0.0,0.0,0.0,0.0,0.0,0.0,0.0,0.0,0.0,0.2,0.0,0.0,0.0,0.0,0.0,0.0,0.0,0.2,0.2,0.0,0.00000000|0.00000000|0.00000000|0.00000000|0.00000000|0.00000000|0.00000000|0.20000000|0.00000000|0.00000000|0.00000000|0.00000000|0.00000000|0.00000000|0.00000000|0.00000000|0.00000000|0.00000000|0.00000000|0.00000000|0.00000000|0.20000000|0.00000000|0.00000000|0.00000000|0.00000000|0.00000000|0.00000000|0.00000000|0.00000000|0.00000000|0.00000000|0.00000000|0.00000000|0.00000000|0.00000000|0.00000000|0.00000000|0.20000000|0.00000000|0.00000000|0.00000000|0.00000000|0.00000000|0.00000000|0.00000000|0.20000000|0.20000000|0.00000000
0.0,0.0,0.0,0.0,0.0,0.0,0.0,0.24691358,0.0,0.0,0.0,0.0,0.0,0.0,0.0,0.0,0.0,0.0,0.0,0.00679012,0.0,0.00555556,0.0,0.0,0.0,0.0,0.0,0.0,0.0,0.0,0.0,0.0,0.0,0.0,0.0,0.0,0.0,0.0,0.24691358,0.0,0.0,0.0,0.0,0.0,0.0,0.0,0.24691358,0.24691358,0.0,0.00000000|0.00000000|0.00000000|0.00000000|0.00000000|0.00000000|0.00000000|0.24691358|0.00000000|0.00000000|0.00000000|0.00000000|0.00000000|0.00000000|0.00000000|0.00000000|0.00000000|0.00000000|0.00000000|0.00679012|0.00000000|0.00555556|0.00000000|0.00000000|0.00000000|0.00000000|0.00000000|0.00000000|0.00000000|0.00000000|0.00000000|0.00000000|0.00000000|0.00000000|0.00000000|0.00000000|0.00000000|0.00000000|0.24691358|0.00000000|0.00000000|0.00000000|0.00000000|0.00000000|0.00000000|0.00000000|0.24691358|0.24691358|0.00000000
0.0,0.0,0.0,0.0,0.0,0.0,0.0,0.24691358,0.0,0.0,0.00617284,0.0,0.0,0.0,0.0,0.0,0.0,0.0,0.0,0.0,0.0,0.24691358,0.0,0.0,0.0,0.0,0.0,0.0,0.0,0.0,0.0,0.0,0.0,0.0,0.0,0.0,0.0,0.0,0.24691358,0.0,0.0,0.0,0.0,0.0,0.0,0.0,0.24691358,0.00617284,0.0,0.00000000|0.00000000|0.00000000|0.00000000|0.00000000|0.00000000|0.00000000|0.24691358|0.00000000|0.00000000|0.00617284|0.00000000|0.00000000|0.00000000|0.00000000|0.00000000|0.00000000|0.00000000|0.00000000|0.00000000|0.00000000|0.24691358|0.00000000|0.00000000|0.00000000|0.00000000|0.00000000|0.00000000|0.00000000|0.00000000|0.00000000|0.00000000|0.00000000|0.00000000|0.00000000|0.00000000|0.00000000|0.00000000|0.24691358|0.00000000|0.00000000|0.00000000|0.00000000|0.00000000|0.00000000|0.00000000|0.24691358|0.00617284|0.00000000
0.0,0.0,0.0,0.0,0.0,0.0,0.0,0.65,0.0,0.0,0.0,0.0,0.0,0.0,0.0,0.0,0.0,0.0,0.0,0.0,0.0,0.15,0.0,0.0,0.0,0.0,0.0,0.0,0.0,0.0,0.0,0.0,0.0,0.0,0.0,0.0,0.0,0.0,0.0,0.0,0.0,0.0,0.0,0.0,0.0,0.0,0.0,0.2,0.0,0.00000000|0.00000000|0.00000000|0.00000000|0.00000000|0.00000000|0.00000000|0.65000000|0.00000000|0.00000000|0.00000000|0.00000000|0.00000000|0.00000000|0.00000000|0.00000000|0.00000000|0.00000000|0.00000000|0.00000000|0.00000000|0.15000000|0.00000000|0.00000000|0.00000000|0.00000000|0.00000000|0.00000000|0.00000000|0.00000000|0.00000000|0.00000000|0.00000000|0.00000000|0.00000000|0.00000000|0.00000000|0.00000000|0.00000000|0.00000000|0.00000000|0.00000000|0.00000000|0.00000000|0.00000000|0.00000000|0.00000000|0.20000000|0.00000000
0.0,0.0,0.0,0.0,0.0,0.16666667,0.0,0.0,0.0,0.0,0.16666667,0.0,0.0,0.0,0.0,0.0,0.16666667,0.0,0.0,0.0,0.0,0.0,0.0,0.0,0.0,0.0,0.16666667,0.0,0.0,0.0,0.0,0.0,0.0,0.0,0.0,0.0,0.0,0.0,0.0,0.0,0.0,0.16666667,0.0,0.0,0.0,0.0,0.0,0.0,0.16666667,0.00000000|0.00000000|0.00000000|0.00000000|0.00000000|0.16666667|0.00000000|0.00000000|0.00000000|0.00000000|0.16666667|0.00000000|0.00000000|0.00000000|0.00000000|0.00000000|0.16666667|0.00000000|0.00000000|0.00000000|0.00000000|0.00000000|0.00000000|0.00000000|0.00000000|0.00000000|0.16666667|0.00000000|0.00000000|0.00000000|0.00000000|0.00000000|0.00000000|0.00000000|0.00000000|0.00000000|0.00000000|0.00000000|0.00000000|0.00000000|0.00000000|0.16666667|0.00000000|0.00000000|0.00000000|0.00000000|0.00000000|0.00000000|0.16666667
0.0,0.0,0.0,0.0,0.0,0.18,0.0,0.0,0.0,0.0,0.09,0.0,0.0,0.0,0.0,0.0,0.0,0.0,0.0,0.0,0.0,0.0,0.0,0.0,0.0,0.0,0.08,0.0,0.0,0.0,0.0,0.0,0.0,0.0,0.0,0.0,0.0,0.0,0.0,0.0,0.0,0.4,0.0,0.0,0.0,0.0,0.0,0.0,0.25,0.00000000|0.00000000|0.00000000|0.00000000|0.00000000|0.18000000|0.00000000|0.00000000|0.00000000|0.00000000|0.09000000|0.00000000|0.00000000|0.00000000|0.00000000|0.00000000|0.00000000|0.00000000|0.00000000|0.00000000|0.00000000|0.00000000|0.00000000|0.00000000|0.00000000|0.00000000|0.08000000|0.00000000|0.00000000|0.00000000|0.00000000|0.00000000|0.00000000|0.00000000|0.00000000|0.00000000|0.00000000|0.00000000|0.00000000|0.00000000|0.00000000|0.40000000|0.00000000|0.00000000|0.00000000|0.00000000|0.00000000|0.00000000|0.25000000
0.0,0.0,0.0,0.0,0.0,0.18,0.0,0.0,0.0,0.0,0.09,0.0,0.0,0.0,0.0,0.0,0.0,0.0,0.0,0.0,0.0,0.0,0.0,0.0,0.0,0.0,0.08,0.0,0.0,0.0,0.0,0.0,0.0,0.0,0.0,0.0,0.0,0.0,0.0,0.0,0.0,0.55,0.0,0.0,0.0,0.0,0.0,0.0,0.1,0.00000000|0.00000000|0.00000000|0.00000000|0.00000000|0.18000000|0.00000000|0.00000000|0.00000000|0.00000000|0.09000000|0.00000000|0.00000000|0.00000000|0.00000000|0.00000000|0.00000000|0.00000000|0.00000000|0.00000000|0.00000000|0.00000000|0.00000000|0.00000000|0.00000000|0.00000000|0.08000000|0.00000000|0.00000000|0.00000000|0.00000000|0.00000000|0.00000000|0.00000000|0.00000000|0.00000000|0.00000000|0.00000000|0.00000000|0.00000000|0.00000000|0.55000000|0.00000000|0.00000000|0.00000000|0.00000000|0.00000000|0.00000000|0.10000000
0.0,0.0,0.0,0.0,0.0,0.18,0.0,0.0,0.0,0.0,0.09,0.0,0.0,0.0,0.0,0.0,0.0,0.0,0.0,0.0,0.0,0.0,0.0,0.0,0.0,0.0,0.08,0.0,0.0,0.0,0.0,0.0,0.0,0.0,0.0,0.0,0.0,0.0,0.0,0.0,0.0,0.6,0.0,0.0,0.0,0.0,0.0,0.0,0.05,0.00000000|0.00000000|0.00000000|0.00000000|0.00000000|0.18000000|0.00000000|0.00000000|0.00000000|0.00000000|0.09000000|0.00000000|0.00000000|0.00000000|0.00000000|0.00000000|0.00000000|0.00000000|0.00000000|0.00000000|0.00000000|0.00000000|0.00000000|0.00000000|0.00000000|0.00000000|0.08000000|0.00000000|0.00000000|0.00000000|0.00000000|0.00000000|0.00000000|0.00000000|0.00000000|0.00000000|0.00000000|0.00000000|0.00000000|0.00000000|0.00000000|0.60000000|0.00000000|0.00000000|0.00000000|0.00000000|0.00000000|0.00000000|0.05000000
0.0,0.0,0.0,0.0,0.0,0.19,0.0,0.0,0.0,0.0,0.0,0.0,0.0,0.0,0.0,0.0,0.19,0.0,0.0,0.0,0.0,0.0,0.0,0.0,0.0,0.19,0.05,0.0,0.0,0.0,0.0,0.0,0.0,0.0,0.0,0.0,0.0,0.0,0.0,0.0,0.0,0.19,0.0,0.0,0.0,0.0,0.0,0.0,0.19,0.00000000|0.00000000|0.00000000|0.00000000|0.00000000|0.19000000|0.00000000|0.00000000|0.00000000|0.00000000|0.00000000|0.00000000|0.00000000|0.00000000|0.00000000|0.00000000|0.19000000|0.00000000|0.00000000|0.00000000|0.00000000|0.00000000|0.00000000|0.00000000|0.00000000|0.19000000|0.05000000|0.00000000|0.00000000|0.00000000|0.00000000|0.00000000|0.00000000|0.00000000|0.00000000|0.00000000|0.00000000|0.00000000|0.00000000|0.00000000|0.00000000|0.19000000|0.00000000|0.00000000|0.00000000|0.00000000|0.00000000|0.00000000|0.19000000
0.0,0.0,0.0,0.0,0.0,0.19,0.0,0.0,0.0,0.0,0.0,0.0,0.0,0.05,0.0,0.0,0.19,0.0,0.0,0.0,0.0,0.0,0.0,0.0,0.0,0.19,0.0,0.0,0.0,0.0,0.0,0.0,0.0,0.0,0.0,0.0,0.0,0.0,0.0,0.0,0.0,0.19,0.0,0.0,0.0,0.0,0.0,0.0,0.19,0.00000000|0.00000000|0.00000000|0.00000000|0.00000000|0.19000000|0.00000000|0.00000000|0.00000000|0.00000000|0.00000000|0.00000000|0.00000000|0.05000000|0.00000000|0.00000000|0.19000000|0.00000000|0.00000000|0.00000000|0.00000000|0.00000000|0.00000000|0.00000000|0.00000000|0.19000000|0.00000000|0.00000000|0.00000000|0.00000000|0.00000000|0.00000000|0.00000000|0.00000000|0.00000000|0.00000000|0.00000000|0.00000000|0.00000000|0.00000000|0.00000000|0.19000000|0.00000000|0.00000000|0.00000000|0.00000000|0.00000000|0.00000000|0.19000000
0.0,0.0,0.0,0.0,0.0,0.19,0.0,0.0,0.0,0.0,0.05,0.0,0.0,0.0,0.0,0.0,0.19,0.0,0.0,0.0,0.0,0.0,0.0,0.0,0.0,0.19,0.0,0.0,0.0,0.0,0.0,0.0,0.0,0.0,0.0,0.0,0.0,0.0,0.0,0.0,0.0,0.19,0.0,0.0,0.0,0.0,0.0,0.0,0.19,0.00000000|0.00000000|0.00000000|0.00000000|0.00000000|0.19000000|0.00000000|0.00000000|0.00000000|0.00000000|0.05000000|0.00000000|0.00000000|0.00000000|0.00000000|0.00000000|0.19000000|0.00000000|0.00000000|0.00000000|0.00000000|0.00000000|0.00000000|0.00000000|0.00000000|0.19000000|0.00000000|0.00000000|0.00000000|0.00000000|0.00000000|0.00000000|0.00000000|0.00000000|0.00000000|0.00000000|0.00000000|0.00000000|0.00000000|0.00000000|0.00000000|0.19000000|0.00000000|0.00000000|0.00000000|0.00000000|0.00000000|0.00000000|0.19000000
0.0,0.0,0.0,0.0,0.0,0.19,0.0,0.0,0.05,0.0,0.0,0.0,0.0,0.0,0.0,0.0,0.19,0.0,0.0,0.0,0.0,0.0,0.0,0.0,0.0,0.19,0.0,0.0,0.0,0.0,0.0,0.0,0.0,0.0,0.0,0.0,0.0,0.0,0.0,0.0,0.0,0.19,0.0,0.0,0.0,0.0,0.0,0.0,0.19,0.00000000|0.00000000|0.00000000|0.00000000|0.00000000|0.19000000|0.00000000|0.00000000|0.05000000|0.00000000|0.00000000|0.00000000|0.00000000|0.00000000|0.00000000|0.00000000|0.19000000|0.00000000|0.00000000|0.00000000|0.00000000|0.00000000|0.00000000|0.00000000|0.00000000|0.19000000|0.00000000|0.00000000|0.00000000|0.00000000|0.00000000|0.00000000|0.00000000|0.00000000|0.00000000|0.00000000|0.00000000|0.00000000|0.00000000|0.00000000|0.00000000|0.19000000|0.00000000|0.00000000|0.00000000|0.00000000|0.00000000|0.00000000|0.19000000
0.0,0.0,0.0,0.0,0.0,0.2,0.0,0.0,0.0,0.0,0.0,0.0,0.0,0.0,0.0,0.0,0.2,0.0,0.0,0.0,0.0,0.0,0.0,0.0,0.0,0.0,0.2,0.0,0.0,0.0,0.0,0.0,0.0,0.0,0.0,0.0,0.0,0.0,0.0,0.0,0.0,0.2,0.0,0.0,0.0,0.0,0.0,0.0,0.2,0.00000000|0.00000000|0.00000000|0.00000000|0.00000000|0.20000000|0.00000000|0.00000000|0.00000000|0.00000000|0.00000000|0.00000000|0.00000000|0.00000000|0.00000000|0.00000000|0.20000000|0.00000000|0.00000000|0.00000000|0.00000000|0.00000000|0.00000000|0.00000000|0.00000000|0.00000000|0.20000000|0.00000000|0.00000000|0.00000000|0.00000000|0.00000000|0.00000000|0.00000000|0.00000000|0.00000000|0.00000000|0.00000000|0.00000000|0.00000000|0.00000000|0.20000000|0.00000000|0.00000000|0.00000000|0.00000000|0.00000000|0.00000000|0.20000000
0.0,0.0,0.0,0.0,0.0,0.2,0.0,0.0,0.0,0.0,0.025,0.0,0.0,0.0,0.0,0.0,0.2,0.0,0.0,0.0,0.0,0.0,0.0,0.0,0.0,0.0,0.175,0.0,0.0,0.0,0.0,0.0,0.0,0.0,0.0,0.0,0.0,0.0,0.0,0.0,0.0,0.2,0.0,0.0,0.0,0.0,0.0,0.0,0.2,0.00000000|0.00000000|0.00000000|0.00000000|0.00000000|0.20000000|0.00000000|0.00000000|0.00000000|0.00000000|0.02500000|0.00000000|0.00000000|0.00000000|0.00000000|0.00000000|0.20000000|0.00000000|0.00000000|0.00000000|0.00000000|0.00000000|0.00000000|0.00000000|0.00000000|0.00000000|0.17500000|0.00000000|0.00000000|0.00000000|0.00000000|0.00000000|0.00000000|0.00000000|0.00000000|0.00000000|0.00000000|0.00000000|0.00000000|0.00000000|0.00000000|0.20000000|0.00000000|0.00000000|0.00000000|0.00000000|0.00000000|0.00000000|0.20000000
0.0,0.0,0.0,0.0,0.0,0.2,0.0,0.0,0.0,0.0,0.05,0.0,0.0,0.0,0.0,0.0,0.2,0.0,0.0,0.0,0.0,0.0,0.0,0.0,0.0,0.0,0.15,0.0,0.0,0.0,0.0,0.0,0.0,0.0,0.0,0.0,0.0,0.0,0.0,0.0,0.0,0.2,0.0,0.0,0.0,0.0,0.0,0.0,0.2,0.00000000|0.00000000|0.00000000|0.00000000|0.00000000|0.20000000|0.00000000|0.00000000|0.00000000|0.00000000|0.05000000|0.00000000|0.00000000|0.00000000|0.00000000|0.00000000|0.20000000|0.00000000|0.00000000|0.00000000|0.00000000|0.00000000|0.00000000|0.00000000|0.00000000|0.00000000|0.15000000|0.00000000|0.00000000|0.00000000|0.00000000|0.00000000|0.00000000|0.00000000|0.00000000|0.00000000|0.00000000|0.00000000|0.00000000|0.00000000|0.00000000|0.20000000|0.00000000|0.00000000|0.00000000|0.00000000|0.00000000|0.00000000|0.20000000
0.0,0.0,0.0,0.0,0.0,0.2,0.0,0.0,0.0,0.0,0.075,0.0,0.0,0.0,0.0,0.0,0.2,0.0,0.0,0.0,0.0,0.0,0.0,0.0,0.0,0.0,0.125,0.0,0.0,0.0,0.0,0.0,0.0,0.0,0.0,0.0,0.0,0.0,0.0,0.0,0.0,0.2,0.0,0.0,0.0,0.0,0.0,0.0,0.2,0.00000000|0.00000000|0.00000000|0.00000000|0.00000000|0.20000000|0.00000000|0.00000000|0.00000000|0.00000000|0.07500000|0.00000000|0.00000000|0.00000000|0.00000000|0.00000000|0.20000000|0.00000000|0.00000000|0.00000000|0.00000000|0.00000000|0.00000000|0.00000000|0.00000000|0.00000000|0.12500000|0.00000000|0.00000000|0.00000000|0.00000000|0.00000000|0.00000000|0.00000000|0.00000000|0.00000000|0.00000000|0.00000000|0.00000000|0.00000000|0.00000000|0.20000000|0.00000000|0.00000000|0.00000000|0.00000000|0.00000000|0.00000000|0.20000000
0.0,0.0,0.0,0.0,0.0,0.2,0.0,0.0,0.0,0.0,0.1,0.0,0.0,0.0,0.0,0.0,0.0,0.0,0.0,0.0,0.0,0.0,0.0,0.0,0.0,0.0,0.09,0.0,0.0,0.0,0.0,0.0,0.0,0.0,0.0,0.0,0.0,0.0,0.0,0.0,0.0,0.45,0.0,0.0,0.0,0.0,0.0,0.0,0.16,0.00000000|0.00000000|0.00000000|0.00000000|0.00000000|0.20000000|0.00000000|0.00000000|0.00000000|0.00000000|0.10000000|0.00000000|0.00000000|0.00000000|0.00000000|0.00000000|0.00000000|0.00000000|0.00000000|0.00000000|0.00000000|0.00000000|0.00000000|0.00000000|0.00000000|0.00000000|0.09000000|0.00000000|0.00000000|0.00000000|0.00000000|0.00000000|0.00000000|0.00000000|0.00000000|0.00000000|0.00000000|0.00000000|0.00000000|0.00000000|0.00000000|0.45000000|0.00000000|0.00000000|0.00000000|0.00000000|0.00000000|0.00000000|0.16000000
0.0,0.0,0.0,0.0,0.0,0.2,0.0,0.0,0.0,0.0,0.1,0.0,0.0,0.0,0.0,0.0,0.2,0.0,0.0,0.0,0.0,0.0,0.0,0.0,0.0,0.0,0.1,0.0,0.0,0.0,0.0,0.0,0.0,0.0,0.0,0.0,0.0,0.0,0.0,0.0,0.0,0.2,0.0,0.0,0.0,0.0,0.0,0.0,0.2,0.00000000|0.00000000|0.00000000|0.00000000|0.00000000|0.20000000|0.00000000|0.00000000|0.00000000|0.00000000|0.10000000|0.00000000|0.00000000|0.00000000|0.00000000|0.00000000|0.20000000|0.00000000|0.00000000|0.00000000|0.00000000|0.00000000|0.00000000|0.00000000|0.00000000|0.00000000|0.10000000|0.00000000|0.00000000|0.00000000|0.00000000|0.00000000|0.00000000|0.00000000|0.00000000|0.00000000|0.00000000|0.00000000|0.00000000|0.00000000|0.00000000|0.20000000|0.00000000|0.00000000|0.00000000|0.00000000|0.00000000|0.00000000|0.20000000
0.0,0.0,0.0,0.0,0.0,0.2,0.0,0.0,0.0,0.0,0.12,0.0,0.0,0.0,0.0,0.0,0.0,0.0,0.0,0.0,0.0,0.0,0.0,0.0,0.0,0.0,0.03,0.0,0.0,0.0,0.0,0.0,0.0,0.0,0.0,0.0,0.0,0.0,0.0,0.0,0.0,0.4,0.0,0.0,0.0,0.0,0.0,0.0,0.25,0.00000000|0.00000000|0.00000000|0.00000000|0.00000000|0.20000000|0.00000000|0.00000000|0.00000000|0.00000000|0.12000000|0.00000000|0.00000000|0.00000000|0.00000000|0.00000000|0.00000000|0.00000000|0.00000000|0.00000000|0.00000000|0.00000000|0.00000000|0.00000000|0.00000000|0.00000000|0.03000000|0.00000000|0.00000000|0.00000000|0.00000000|0.00000000|0.00000000|0.00000000|0.00000000|0.00000000|0.00000000|0.00000000|0.00000000|0.00000000|0.00000000|0.40000000|0.00000000|0.00000000|0.00000000|0.00000000|0.00000000|0.00000000|0.25000000
0.0,0.0,0.0,0.0,0.0,0.2,0.0,0.0,0.0,0.0,0.125,0.0,0.0,0.0,0.0,0.0,0.2,0.0,0.0,0.0,0.0,0.0,0.0,0.0,0.0,0.0,0.075,0.0,0.0,0.0,0.0,0.0,0.0,0.0,0.0,0.0,0.0,0.0,0.0,0.0,0.0,0.2,0.0,0.0,0.0,0.0,0.0,0.0,0.2,0.00000000|0.00000000|0.00000000|0.00000000|0.00000000|0.20000000|0.00000000|0.00000000|0.00000000|0.00000000|0.12500000|0.00000000|0.00000000|0.00000000|0.00000000|0.00000000|0.20000000|0.00000000|0.00000000|0.00000000|0.00000000|0.00000000|0.00000000|0.00000000|0.00000000|0.00000000|0.07500000|0.00000000|0.00000000|0.00000000|0.00000000|0.00000000|0.00000000|0.00000000|0.00000000|0.00000000|0.00000000|0.00000000|0.00000000|0.00000000|0.00000000|0.20000000|0.00000000|0.00000000|0.00000000|0.00000000|0.00000000|0.00000000|0.20000000
0.0,0.0,0.0,0.0,0.0,0.2,0.0,0.0,0.0,0.0,0.15,0.0,0.0,0.0,0.0,0.0,0.2,0.0,0.0,0.0,0.0,0.0,0.0,0.0,0.0,0.0,0.05,0.0,0.0,0.0,0.0,0.0,0.0,0.0,0.0,0.0,0.0,0.0,0.0,0.0,0.0,0.2,0.0,0.0,0.0,0.0,0.0,0.0,0.2,0.00000000|0.00000000|0.00000000|0.00000000|0.00000000|0.20000000|0.00000000|0.00000000|0.00000000|0.00000000|0.15000000|0.00000000|0.00000000|0.00000000|0.00000000|0.00000000|0.20000000|0.00000000|0.00000000|0.00000000|0.00000000|0.00000000|0.00000000|0.00000000|0.00000000|0.00000000|0.05000000|0.00000000|0.00000000|0.00000000|0.00000000|0.00000000|0.00000000|0.00000000|0.00000000|0.00000000|0.00000000|0.00000000|0.00000000|0.00000000|0.00000000|0.20000000|0.00000000|0.00000000|0.00000000|0.00000000|0.00000000|0.00000000|0.20000000
0.0,0.0,0.0,0.0,0.0,0.2,0.0,0.0,0.0,0.0,0.175,0.0,0.0,0.0,0.0,0.0,0.2,0.0,0.0,0.0,0.0,0.0,0.0,0.0,0.0,0.0,0.025,0.0,0.0,0.0,0.0,0.0,0.0,0.0,0.0,0.0,0.0,0.0,0.0,0.0,0.0,0.2,0.0,0.0,0.0,0.0,0.0,0.0,0.2,0.00000000|0.00000000|0.00000000|0.00000000|0.00000000|0.20000000|0.00000000|0.00000000|0.00000000|0.00000000|0.17500000|0.00000000|0.00000000|0.00000000|0.00000000|0.00000000|0.20000000|0.00000000|0.00000000|0.00000000|0.00000000|0.00000000|0.00000000|0.00000000|0.00000000|0.00000000|0.02500000|0.00000000|0.00000000|0.00000000|0.00000000|0.00000000|0.00000000|0.00000000|0.00000000|0.00000000|0.00000000|0.00000000|0.00000000|0.00000000|0.00000000|0.20000000|0.00000000|0.00000000|0.00000000|0.00000000|0.00000000|0.00000000|0.20000000
0.0,0.0,0.0,0.0,0.0,0.2,0.0,0.0,0.0,0.0,0.2,0.0,0.0,0.0,0.0,0.0,0.0,0.0,0.0,0.0,0.0,0.0,0.0,0.0,0.0,0.0,0.2,0.0,0.0,0.0,0.0,0.0,0.0,0.0,0.0,0.0,0.0,0.0,0.0,0.0,0.0,0.2,0.0,0.0,0.0,0.0,0.0,0.0,0.2,0.00000000|0.00000000|0.00000000|0.00000000|0.00000000|0.20000000|0.00000000|0.00000000|0.00000000|0.00000000|0.20000000|0.00000000|0.00000000|0.00000000|0.00000000|0.00000000|0.00000000|0.00000000|0.00000000|0.00000000|0.00000000|0.00000000|0.00000000|0.00000000|0.00000000|0.00000000|0.20000000|0.00000000|0.00000000|0.00000000|0.00000000|0.00000000|0.00000000|0.00000000|0.00000000|0.00000000|0.00000000|0.00000000|0.00000000|0.00000000|0.00000000|0.20000000|0.00000000|0.00000000|0.00000000|0.00000000|0.00000000|0.00000000|0.20000000
0.0,0.0,0.0,0.0,0.0,0.2,0.0,0.0,0.0,0.0,0.2,0.0,0.0,0.0,0.0,0.0,0.2,0.0,0.0,0.0,0.0,0.0,0.0,0.0,0.0,0.0,0.0,0.0,0.0,0.0,0.0,0.0,0.0,0.0,0.0,0.0,0.0,0.0,0.0,0.0,0.0,0.2,0.0,0.0,0.0,0.0,0.0,0.0,0.2,0.00000000|0.00000000|0.00000000|0.00000000|0.00000000|0.20000000|0.00000000|0.00000000|0.00000000|0.00000000|0.20000000|0.00000000|0.00000000|0.00000000|0.00000000|0.00000000|0.20000000|0.00000000|0.00000000|0.00000000|0.00000000|0.00000000|0.00000000|0.00000000|0.00000000|0.00000000|0.00000000|0.00000000|0.00000000|0.00000000|0.00000000|0.00000000|0.00000000|0.00000000|0.00000000|0.00000000|0.00000000|0.00000000|0.00000000|0.00000000|0.00000000|0.20000000|0.00000000|0.00000000|0.00000000|0.00000000|0.00000000|0.00000000|0.20000000
0.0,0.0,0.0,0.0,0.0,0.22277228,0.0,0.0,0.0,0.0,0.12376238,0.0,0.0,0.0,0.0,0.0,0.0,0.0,0.0,0.0,0.0,0.0,0.0,0.0,0.0,0.0,0.0990099,0.0,0.0,0.0,0.0,0.0,0.0,0.0,0.0,0.0,0.0,0.0,0.0,0.0,0.0,0.13663366,0.0,0.00990099,0.0,0.0,0.0,0.0,0.40792079,0.00000000|0.00000000|0.00000000|0.00000000|0.00000000|0.22277228|0.00000000|0.00000000|0.00000000|0.00000000|0.12376238|0.00000000|0.00000000|0.00000000|0.00000000|0.00000000|0.00000000|0.00000000|0.00000000|0.00000000|0.00000000|0.00000000|0.00000000|0.00000000|0.00000000|0.00000000|0.09900990|0.00000000|0.00000000|0.00000000|0.00000000|0.00000000|0.00000000|0.00000000|0.00000000|0.00000000|0.00000000|0.00000000|0.00000000|0.00000000|0.00000000|0.13663366|0.00000000|0.00990099|0.00000000|0.00000000|0.00000000|0.00000000|0.40792079
0.0,0.0,0.0,0.0,0.0,0.225,0.0,0.0,0.0,0.0,0.125,0.0,0.0,0.0,0.0,0.0,0.0,0.0,0.0,0.0,0.0,0.0,0.0,0.0,0.0,0.0,0.1,0.0,0.0,0.0,0.0,0.0,0.0,0.0,0.0,0.0,0.0,0.0,0.0,0.0,0.0,0.138,0.0,0.0,0.0,0.0,0.0,0.0,0.412,0.00000000|0.00000000|0.00000000|0.00000000|0.00000000|0.22500000|0.00000000|0.00000000|0.00000000|0.00000000|0.12500000|0.00000000|0.00000000|0.00000000|0.00000000|0.00000000|0.00000000|0.00000000|0.00000000|0.00000000|0.00000000|0.00000000|0.00000000|0.00000000|0.00000000|0.00000000|0.10000000|0.00000000|0.00000000|0.00000000|0.00000000|0.00000000|0.00000000|0.00000000|0.00000000|0.00000000|0.00000000|0.00000000|0.00000000|0.00000000|0.00000000|0.13800000|0.00000000|0.00000000|0.00000000|0.00000000|0.00000000|0.00000000|0.41200000
0.0,0.0,0.0,0.0,0.0,0.227,0.0,0.0,0.0,0.0,0.053,0.0,0.0,0.0,0.0,0.0,0.0,0.0,0.0,0.0,0.0,0.0,0.0,0.0,0.0,0.0,0.09,0.0,0.0,0.0,0.0,0.0,0.0,0.0,0.0,0.0,0.0,0.0,0.0,0.0,0.0,0.328,0.0,0.0,0.0,0.0,0.0,0.0,0.302,0.00000000|0.00000000|0.00000000|0.00000000|0.00000000|0.22700000|0.00000000|0.00000000|0.00000000|0.00000000|0.05300000|0.00000000|0.00000000|0.00000000|0.00000000|0.00000000|0.00000000|0.00000000|0.00000000|0.00000000|0.00000000|0.00000000|0.00000000|0.00000000|0.00000000|0.00000000|0.09000000|0.00000000|0.00000000|0.00000000|0.00000000|0.00000000|0.00000000|0.00000000|0.00000000|0.00000000|0.00000000|0.00000000|0.00000000|0.00000000|0.00000000|0.32800000|0.00000000|0.00000000|0.00000000|0.00000000|0.00000000|0.00000000|0.30200000
0.0,0.0,0.0,0.0,0.0,0.227,0.0,0.0,0.0,0.0,0.09,0.0,0.0,0.0,0.0,0.0,0.0,0.0,0.0,0.0,0.0,0.0,0.0,0.0,0.0,0.0,0.053,0.0,0.0,0.0,0.0,0.0,0.0,0.0,0.0,0.0,0.0,0.0,0.0,0.0,0.0,0.328,0.0,0.0,0.0,0.0,0.0,0.0,0.302,0.00000000|0.00000000|0.00000000|0.00000000|0.00000000|0.22700000|0.00000000|0.00000000|0.00000000|0.00000000|0.09000000|0.00000000|0.00000000|0.00000000|0.00000000|0.00000000|0.00000000|0.00000000|0.00000000|0.00000000|0.00000000|0.00000000|0.00000000|0.00000000|0.00000000|0.00000000|0.05300000|0.00000000|0.00000000|0.00000000|0.00000000|0.00000000|0.00000000|0.00000000|0.00000000|0.00000000|0.00000000|0.00000000|0.00000000|0.00000000|0.00000000|0.32800000|0.00000000|0.00000000|0.00000000|0.00000000|0.00000000|0.00000000|0.30200000
0.0,0.0,0.0,0.0,0.0,0.25,0.0,0.0,0.0,0.0,0.098,0.0,0.0,0.0,0.0,0.0,0.0,0.0,0.0,0.0,0.0,0.0,0.0,0.0,0.0,0.0,0.102,0.0,0.0,0.0,0.0,0.0,0.0,0.0,0.0,0.0,0.0,0.0,0.0,0.0,0.0,0.11,0.0,0.0,0.0,0.0,0.0,0.0,0.44,0.00000000|0.00000000|0.00000000|0.00000000|0.00000000|0.25000000|0.00000000|0.00000000|0.00000000|0.00000000|0.09800000|0.00000000|0.00000000|0.00000000|0.00000000|0.00000000|0.00000000|0.00000000|0.00000000|0.00000000|0.00000000|0.00000000|0.00000000|0.00000000|0.00000000|0.00000000|0.10200000|0.00000000|0.00000000|0.00000000|0.00000000|0.00000000|0.00000000|0.00000000|0.00000000|0.00000000|0.00000000|0.00000000|0.00000000|0.00000000|0.00000000|0.11000000|0.00000000|0.00000000|0.00000000|0.00000000|0.00000000|0.00000000|0.44000000
0.0,0.0,0.0,0.0,0.0,0.275,0.0,0.0,0.0,0.0,0.075,0.0,0.0,0.0,0.0,0.0,0.0,0.0,0.0,0.0,0.0,0.0,0.0,0.0,0.0,0.0,0.1,0.0,0.0,0.0,0.0,0.0,0.0,0.0,0.0,0.0,0.0,0.0,0.0,0.0,0.0,0.0825,0.0,0.0,0.0,0.0,0.0,0.0,0.4675,0.00000000|0.00000000|0.00000000|0.00000000|0.00000000|0.27500000|0.00000000|0.00000000|0.00000000|0.00000000|0.07500000|0.00000000|0.00000000|0.00000000|0.00000000|0.00000000|0.00000000|0.00000000|0.00000000|0.00000000|0.00000000|0.00000000|0.00000000|0.00000000|0.00000000|0.00000000|0.10000000|0.00000000|0.00000000|0.00000000|0.00000000|0.00000000|0.00000000|0.00000000|0.00000000|0.00000000|0.00000000|0.00000000|0.00000000|0.00000000|0.00000000|0.08250000|0.00000000|0.00000000|0.00000000|0.00000000|0.00000000|0.00000000|0.46750000
0.0,0.0,0.0,0.5,0.0,0.0,0.0,0.0,0.0,0.0,0.0,0.0,0.0,0.0,0.0,0.0,0.0,0.0,0.0,0.0,0.0,0.0,0.0,0.0,0.0,0.0,0.0,0.0,0.0,0.0,0.5,0.0,0.0,0.0,0.0,0.0,0.0,0.0,0.0,0.0,0.0,0.0,0.0,0.0,0.0,0.0,0.0,0.0,0.0,0.00000000|0.00000000|0.00000000|0.50000000|0.00000000|0.00000000|0.00000000|0.00000000|0.00000000|0.00000000|0.00000000|0.00000000|0.00000000|0.00000000|0.00000000|0.00000000|0.00000000|0.00000000|0.00000000|0.00000000|0.00000000|0.00000000|0.00000000|0.00000000|0.00000000|0.00000000|0.00000000|0.00000000|0.00000000|0.00000000|0.50000000|0.00000000|0.00000000|0.00000000|0.00000000|0.00000000|0.00000000|0.00000000|0.00000000|0.00000000|0.00000000|0.00000000|0.00000000|0.00000000|0.00000000|0.00000000|0.00000000|0.00000000|0.00000000
0.0,0.0,0.0,0.8,0.0,0.0,0.0,0.0,0.0,0.0,0.0,0.0,0.0,0.0,0.0,0.0,0.0,0.0,0.0,0.0,0.0,0.0,0.0,0.0,0.0,0.0,0.2,0.0,0.0,0.0,0.0,0.0,0.0,0.0,0.0,0.0,0.0,0.0,0.0,0.0,0.0,0.0,0.0,0.0,0.0,0.0,0.0,0.0,0.0,0.00000000|0.00000000|0.00000000|0.80000000|0.00000000|0.00000000|0.00000000|0.00000000|0.00000000|0.00000000|0.00000000|0.00000000|0.00000000|0.00000000|0.00000000|0.00000000|0.00000000|0.00000000|0.00000000|0.00000000|0.00000000|0.00000000|0.00000000|0.00000000|0.00000000|0.00000000|0.20000000|0.00000000|0.00000000|0.00000000|0.00000000|0.00000000|0.00000000|0.00000000|0.00000000|0.00000000|0.00000000|0.00000000|0.00000000|0.00000000|0.00000000|0.00000000|0.00000000|0.00000000|0.00000000|0.00000000|0.00000000|0.00000000|0.00000000
0.0,0.0,0.16666667,0.0,0.0,0.0,0.0,0.0,0.0,0.0,0.0,0.0,0.0,0.0,0.0,0.0,0.1,0.0,0.0,0.0,0.0,0.0,0.0,0.0,0.0,0.16666667,0.0,0.0,0.0,0.0,0.0,0.0,0.06666667,0.0,0.0,0.0,0.0,0.0,0.0,0.0,0.16666667,0.16666667,0.0,0.0,0.0,0.0,0.0,0.0,0.16666667,0.00000000|0.00000000|0.16666667|0.00000000|0.00000000|0.00000000|0.00000000|0.00000000|0.00000000|0.00000000|0.00000000|0.00000000|0.00000000|0.00000000|0.00000000|0.00000000|0.10000000|0.00000000|0.00000000|0.00000000|0.00000000|0.00000000|0.00000000|0.00000000|0.00000000|0.16666667|0.00000000|0.00000000|0.00000000|0.00000000|0.00000000|0.00000000|0.06666667|0.00000000|0.00000000|0.00000000|0.00000000|0.00000000|0.00000000|0.00000000|0.16666667|0.16666667|0.00000000|0.00000000|0.00000000|0.00000000|0.00000000|0.00000000|0.16666667
0.0,0.0,0.18181818,0.0,0.0,0.0,0.0,0.0,0.0,0.09090909,0.0,0.0,0.0,0.0,0.0,0.0,0.0,0.18181818,0.0,0.0,0.0,0.0,0.0,0.0,0.0,0.18181818,0.0,0.0,0.0,0.0,0.0,0.0,0.0,0.0,0.0,0.0,0.0,0.0,0.0,0.18181818,0.0,0.0,0.18181818,0.0,0.0,0.0,0.0,0.0,0.0,0.00000000|0.00000000|0.18181818|0.00000000|0.00000000|0.00000000|0.00000000|0.00000000|0.00000000|0.09090909|0.00000000|0.00000000|0.00000000|0.00000000|0.00000000|0.00000000|0.00000000|0.18181818|0.00000000|0.00000000|0.00000000|0.00000000|0.00000000|0.00000000|0.00000000|0.18181818|0.00000000|0.00000000|0.00000000|0.00000000|0.00000000|0.00000000|0.00000000|0.00000000|0.00000000|0.00000000|0.00000000|0.00000000|0.00000000|0.18181818|0.00000000|0.00000000|0.18181818|0.00000000|0.00000000|0.00000000|0.00000000|0.00000000|0.00000000
0.0,0.0,0.18181818,0.0,0.0,0.0,0.0,0.0,0.0,0.18181818,0.18181818,0.0,0.0,0.18181818,0.0,0.0,0.0,0.0,0.0,0.0,0.0,0.27272727,0.0,0.0,0.0,0.0,0.0,0.0,0.0,0.0,0.0,0.0,0.0,0.0,0.0,0.0,0.0,0.0,0.0,0.0,0.0,0.0,0.0,0.0,0.0,0.0,0.0,0.0,0.0,0.00000000|0.00000000|0.18181818|0.00000000|0.00000000|0.00000000|0.00000000|0.00000000|0.00000000|0.18181818|0.18181818|0.00000000|0.00000000|0.18181818|0.00000000|0.00000000|0.00000000|0.00000000|0.00000000|0.00000000|0.00000000|0.27272727|0.00000000|0.00000000|0.00000000|0.00000000|0.00000000|0.00000000|0.00000000|0.00000000|0.00000000|0.00000000|0.00000000|0.00000000|0.00000000|0.00000000|0.00000000|0.00000000|0.00000000|0.00000000|0.00000000|0.00000000|0.00000000|0.00000000|0.00000000|0.00000000|0.00000000|0.00000000|0.00000000
0.0,0.0,0.19685039,0.0,0.0,0.0,0.0,0.0,0.19685039,0.0,0.19685039,0.0,0.0,0.19685039,0.01574803,0.0,0.0,0.0,0.0,0.0,0.0,0.0,0.0,0.0,0.0,0.0,0.19685039,0.0,0.0,0.0,0.0,0.0,0.0,0.0,0.0,0.0,0.0,0.0,0.0,0.0,0.0,0.0,0.0,0.0,0.0,0.0,0.0,0.0,0.0,0.00000000|0.00000000|0.19685039|0.00000000|0.00000000|0.00000000|0.00000000|0.00000000|0.19685039|0.00000000|0.19685039|0.00000000|0.00000000|0.19685039|0.01574803|0.00000000|0.00000000|0.00000000|0.00000000|0.00000000|0.00000000|0.00000000|0.00000000|0.00000000|0.00000000|0.00000000|0.19685039|0.00000000|0.00000000|0.00000000|0.00000000|0.00000000|0.00000000|0.00000000|0.00000000|0.00000000|0.00000000|0.00000000|0.00000000|0.00000000|0.00000000|0.00000000|0.00000000|0.00000000|0.00000000|0.00000000|0.00000000|0.00000000|0.00000000
0.0,0.0,0.19762846,0.0,0.0,0.0,0.0,0.0,0.19762846,0.0,0.19762846,0.0,0.0,0.19762846,0.01185771,0.0,0.0,0.0,0.0,0.0,0.0,0.0,0.0,0.0,0.0,0.0,0.19762846,0.0,0.0,0.0,0.0,0.0,0.0,0.0,0.0,0.0,0.0,0.0,0.0,0.0,0.0,0.0,0.0,0.0,0.0,0.0,0.0,0.0,0.0,0.00000000|0.00000000|0.19762846|0.00000000|0.00000000|0.00000000|0.00000000|0.00000000|0.19762846|0.00000000|0.19762846|0.00000000|0.00000000|0.19762846|0.01185771|0.00000000|0.00000000|0.00000000|0.00000000|0.00000000|0.00000000|0.00000000|0.00000000|0.00000000|0.00000000|0.00000000|0.19762846|0.00000000|0.00000000|0.00000000|0.00000000|0.00000000|0.00000000|0.00000000|0.00000000|0.00000000|0.00000000|0.00000000|0.00000000|0.00000000|0.00000000|0.00000000|0.00000000|0.00000000|0.00000000|0.00000000|0.00000000|0.00000000|0.00000000
0.0,0.0,0.1984127,0.0,0.0,0.0,0.0,0.0,0.1984127,0.0,0.1984127,0.0,0.0,0.1984127,0.00793651,0.0,0.0,0.0,0.0,0.0,0.0,0.0,0.0,0.0,0.0,0.0,0.1984127,0.0,0.0,0.0,0.0,0.0,0.0,0.0,0.0,0.0,0.0,0.0,0.0,0.0,0.0,0.0,0.0,0.0,0.0,0.0,0.0,0.0,0.0,0.00000000|0.00000000|0.19841270|0.00000000|0.00000000|0.00000000|0.00000000|0.00000000|0.19841270|0.00000000|0.19841270|0.00000000|0.00000000|0.19841270|0.00793651|0.00000000|0.00000000|0.00000000|0.00000000|0.00000000|0.00000000|0.00000000|0.00000000|0.00000000|0.00000000|0.00000000|0.19841270|0.00000000|0.00000000|0.00000000|0.00000000|0.00000000|0.00000000|0.00000000|0.00000000|0.00000000|0.00000000|0.00000000|0.00000000|0.00000000|0.00000000|0.00000000|0.00000000|0.00000000|0.00000000|0.00000000|0.00000000|0.00000000|0.00000000
0.0,0.0,0.19920319,0.0,0.0,0.0,0.0,0.0,0.19920319,0.0,0.19920319,0.0,0.0,0.19920319,0.00398406,0.0,0.0,0.0,0.0,0.0,0.0,0.0,0.0,0.0,0.0,0.0,0.19920319,0.0,0.0,0.0,0.0,0.0,0.0,0.0,0.0,0.0,0.0,0.0,0.0,0.0,0.0,0.0,0.0,0.0,0.0,0.0,0.0,0.0,0.0,0.00000000|0.00000000|0.19920319|0.00000000|0.00000000|0.00000000|0.00000000|0.00000000|0.19920319|0.00000000|0.19920319|0.00000000|0.00000000|0.19920319|0.00398406|0.00000000|0.00000000|0.00000000|0.00000000|0.00000000|0.00000000|0.00000000|0.00000000|0.00000000|0.00000000|0.00000000|0.19920319|0.00000000|0.00000000|0.00000000|0.00000000|0.00000000|0.00000000|0.00000000|0.00000000|0.00000000|0.00000000|0.00000000|0.00000000|0.00000000|0.00000000|0.00000000|0.00000000|0.00000000|0.00000000|0.00000000|0.00000000|0.00000000|0.00000000
0.0,0.0,0.2,0.0,0.0,0.0,0.0,0.0,0.0,0.0,0.0,0.0,0.0,0.0,0.0,0.0,0.0,0.0,0.0,0.2,0.0,0.2,0.0,0.0,0.0,0.0,0.0,0.0,0.0,0.0,0.0,0.0,0.0,0.0,0.0,0.0,0.0,0.2,0.0,0.0,0.0,0.0,0.0,0.0,0.0,0.0,0.0,0.2,0.0,0.00000000|0.00000000|0.20000000|0.00000000|0.00000000|0.00000000|0.00000000|0.00000000|0.00000000|0.00000000|0.00000000|0.00000000|0.00000000|0.00000000|0.00000000|0.00000000|0.00000000|0.00000000|0.00000000|0.20000000|0.00000000|0.20000000|0.00000000|0.00000000|0.00000000|0.00000000|0.00000000|0.00000000|0.00000000|0.00000000|0.00000000|0.00000000|0.00000000|0.00000000|0.00000000|0.00000000|0.00000000|0.20000000|0.00000000|0.00000000|0.00000000|0.00000000|0.00000000|0.00000000|0.00000000|0.00000000|0.00000000|0.20000000|0.00000000
0.0,0.0,0.2,0.0,0.0,0.0,0.0,0.0,0.0,0.2,0.2,0.0,0.0,0.2,0.0,0.0,0.0,0.0,0.0,0.0,0.0,0.2,0.0,0.0,0.0,0.0,0.0,0.0,0.0,0.0,0.0,0.0,0.0,0.0,0.0,0.0,0.0,0.0,0.0,0.0,0.0,0.0,0.0,0.0,0.0,0.0,0.0,0.0,0.0,0.00000000|0.00000000|0.20000000|0.00000000|0.00000000|0.00000000|0.00000000|0.00000000|0.00000000|0.20000000|0.20000000|0.00000000|0.00000000|0.20000000|0.00000000|0.00000000|0.00000000|0.00000000|0.00000000|0.00000000|0.00000000|0.20000000|0.00000000|0.00000000|0.00000000|0.00000000|0.00000000|0.00000000|0.00000000|0.00000000|0.00000000|0.00000000|0.00000000|0.00000000|0.00000000|0.00000000|0.00000000|0.00000000|0.00000000|0.00000000|0.00000000|0.00000000|0.00000000|0.00000000|0.00000000|0.00000000|0.00000000|0.00000000|0.00000000
0.0,0.0,0.22222222,0.0,0.0,0.0,0.0,0.0,0.0,0.22222222,0.22222222,0.0,0.0,0.22222222,0.0,0.0,0.0,0.0,0.0,0.0,0.0,0.11111111,0.0,0.0,0.0,0.0,0.0,0.0,0.0,0.0,0.0,0.0,0.0,0.0,0.0,0.0,0.0,0.0,0.0,0.0,0.0,0.0,0.0,0.0,0.0,0.0,0.0,0.0,0.0,0.00000000|0.00000000|0.22222222|0.00000000|0.00000000|0.00000000|0.00000000|0.00000000|0.00000000|0.22222222|0.22222222|0.00000000|0.00000000|0.22222222|0.00000000|0.00000000|0.00000000|0.00000000|0.00000000|0.00000000|0.00000000|0.11111111|0.00000000|0.00000000|0.00000000|0.00000000|0.00000000|0.00000000|0.00000000|0.00000000|0.00000000|0.00000000|0.00000000|0.00000000|0.00000000|0.00000000|0.00000000|0.00000000|0.00000000|0.00000000|0.00000000|0.00000000|0.00000000|0.00000000|0.00000000|0.00000000|0.00000000|0.00000000|0.00000000
0.0,0.0,0.3125,0.0,0.0,0.0,0.0,0.0,0.0,0.0,0.0,0.0,0.0,0.0,0.0,0.0,0.0,0.0,0.0,0.15625,0.0,0.3125,0.0,0.0,0.0,0.0,0.0,0.0,0.0,0.0,0.0,0.0,0.0,0.0,0.0,0.0,0.0,0.0625,0.0,0.0,0.0,0.0,0.0,0.0,0.0,0.0,0.0,0.15625,0.0,0.00000000|0.00000000|0.31250000|0.00000000|0.00000000|0.00000000|0.00000000|0.00000000|0.00000000|0.00000000|0.00000000|0.00000000|0.00000000|0.00000000|0.00000000|0.00000000|0.00000000|0.00000000|0.00000000|0.15625000|0.00000000|0.31250000|0.00000000|0.00000000|0.00000000|0.00000000|0.00000000|0.00000000|0.00000000|0.00000000|0.00000000|0.00000000|0.00000000|0.00000000|0.00000000|0.00000000|0.00000000|0.06250000|0.00000000|0.00000000|0.00000000|0.00000000|0.00000000|0.00000000|0.00000000|0.00000000|0.00000000|0.15625000|0.00000000
0.0,0.0,0.8,0.0,0.0,0.0,0.0,0.0,0.0,0.0,0.0,0.0,0.0,0.0,0.0,0.0,0.0,0.0,0.0,0.05,0.0,0.05,0.0,0.0,0.0,0.0,0.0,0.0,0.0,0.0,0.0,0.0,0.0,0.0,0.0,0.0,0.0,0.05,0.0,0.0,0.0,0.0,0.0,0.0,0.0,0.0,0.0,0.05,0.0,0.00000000|0.00000000|0.80000000|0.00000000|0.00000000|0.00000000|0.00000000|0.00000000|0.00000000|0.00000000|0.00000000|0.00000000|0.00000000|0.00000000|0.00000000|0.00000000|0.00000000|0.00000000|0.00000000|0.05000000|0.00000000|0.05000000|0.00000000|0.00000000|0.00000000|0.00000000|0.00000000|0.00000000|0.00000000|0.00000000|0.00000000|0.00000000|0.00000000|0.00000000|0.00000000|0.00000000|0.00000000|0.05000000|0.00000000|0.00000000|0.00000000|0.00000000|0.00000000|0.00000000|0.00000000|0.00000000|0.00000000|0.05000000|0.00000000
0.0,0.0,0.8,0.0,0.0,0.0,0.0,0.0,0.0,0.0,0.05,0.0,0.0,0.0,0.0,0.0,0.0,0.0,0.0,0.05,0.0,0.05,0.0,0.0,0.0,0.0,0.0,0.0,0.0,0.0,0.0,0.0,0.0,0.0,0.0,0.0,0.0,0.0,0.0,0.0,0.0,0.0,0.0,0.0,0.0,0.0,0.0,0.05,0.0,0.00000000|0.00000000|0.80000000|0.00000000|0.00000000|0.00000000|0.00000000|0.00000000|0.00000000|0.00000000|0.05000000|0.00000000|0.00000000|0.00000000|0.00000000|0.00000000|0.00000000|0.00000000|0.00000000|0.05000000|0.00000000|0.05000000|0.00000000|0.00000000|0.00000000|0.00000000|0.00000000|0.00000000|0.00000000|0.00000000|0.00000000|0.00000000|0.00000000|0.00000000|0.00000000|0.00000000|0.00000000|0.00000000|0.00000000|0.00000000|0.00000000|0.00000000|0.00000000|0.00000000|0.00000000|0.00000000|0.00000000|0.05000000|0.00000000
0.0,0.25,0.0,0.25,0.0,0.0,0.0,0.0,0.0,0.0,0.0,0.0,0.0,0.0,0.0,0.0,0.0,0.0,0.0,0.0,0.0,0.0,0.0,0.0,0.0,0.0,0.0,0.0,0.0,0.0,0.25,0.25,0.0,0.0,0.0,0.0,0.0,0.0,0.0,0.0,0.0,0.0,0.0,0.0,0.0,0.0,0.0,0.0,0.0,0.00000000|0.25000000|0.00000000|0.25000000|0.00000000|0.00000000|0.00000000|0.00000000|0.00000000|0.00000000|0.00000000|0.00000000|0.00000000|0.00000000|0.00000000|0.00000000|0.00000000|0.00000000|0.00000000|0.00000000|0.00000000|0.00000000|0.00000000|0.00000000|0.00000000|0.00000000|0.00000000|0.00000000|0.00000000|0.00000000|0.25000000|0.25000000|0.00000000|0.00000000|0.00000000|0.00000000|0.00000000|0.00000000|0.00000000|0.00000000|0.00000000|0.00000000|0.00000000|0.00000000|0.00000000|0.00000000|0.00000000|0.00000000|0.00000000
0.0,0.28571429,0.0,0.53571429,0.0,0.0,0.0,0.0,0.0,0.0,0.0,0.0,0.0,0.0,0.0,0.0,0.0,0.0,0.0,0.0,0.0,0.0,0.0,0.0,0.0,0.0,0.17857143,0.0,0.0,0.0,0.0,0.0,0.0,0.0,0.0,0.0,0.0,0.0,0.0,0.0,0.0,0.0,0.0,0.0,0.0,0.0,0.0,0.0,0.0,0.00000000|0.28571429|0.00000000|0.53571429|0.00000000|0.00000000|0.00000000|0.00000000|0.00000000|0.00000000|0.00000000|0.00000000|0.00000000|0.00000000|0.00000000|0.00000000|0.00000000|0.00000000|0.00000000|0.00000000|0.00000000|0.00000000|0.00000000|0.00000000|0.00000000|0.00000000|0.17857143|0.00000000|0.00000000|0.00000000|0.00000000|0.00000000|0.00000000|0.00000000|0.00000000|0.00000000|0.00000000|0.00000000|0.00000000|0.00000000|0.00000000|0.00000000|0.00000000|0.00000000|0.00000000|0.00000000|0.00000000|0.00000000|0.00000000
0.0,0.33333333,0.0,0.33333333,0.0,0.0,0.0,0.0,0.0,0.0,0.0,0.0,0.0,0.0,0.0,0.0,0.0,0.0,0.0,0.0,0.0,0.0,0.0,0.0,0.0,0.0,0.0,0.0,0.0,0.0,0.33333333,0.0,0.0,0.0,0.0,0.0,0.0,0.0,0.0,0.0,0.0,0.0,0.0,0.0,0.0,0.0,0.0,0.0,0.0,0.00000000|0.33333333|0.00000000|0.33333333|0.00000000|0.00000000|0.00000000|0.00000000|0.00000000|0.00000000|0.00000000|0.00000000|0.00000000|0.00000000|0.00000000|0.00000000|0.00000000|0.00000000|0.00000000|0.00000000|0.00000000|0.00000000|0.00000000|0.00000000|0.00000000|0.00000000|0.00000000|0.00000000|0.00000000|0.00000000|0.33333333|0.00000000|0.00000000|0.00000000|0.00000000|0.00000000|0.00000000|0.00000000|0.00000000|0.00000000|0.00000000|0.00000000|0.00000000|0.00000000|0.00000000|0.00000000|0.00000000|0.00000000|0.00000000
0.06666667,0.0,0.0,0.0,0.0,0.0,0.0,0.0,0.0,0.06666667,0.0,0.06666667,0.0,0.26666667,0.0,0.0,0.0,0.0,0.0,0.0,0.0,0.0,0.13333333,0.0,0.0,0.0,0.26666667,0.0,0.06666667,0.0,0.0,0.0,0.0,0.0,0.0,0.0,0.0,0.0,0.0,0.0,0.0,0.06666667,0.0,0.0,0.0,0.0,0.0,0.0,0.0,0.06666667|0.00000000|0.00000000|0.00000000|0.00000000|0.00000000|0.00000000|0.00000000|0.00000000|0.06666667|0.00000000|0.06666667|0.00000000|0.26666667|0.00000000|0.00000000|0.00000000|0.00000000|0.00000000|0.00000000|0.00000000|0.00000000|0.13333333|0.00000000|0.00000000|0.00000000|0.26666667|0.00000000|0.06666667|0.00000000|0.00000000|0.00000000|0.00000000|0.00000000|0.00000000|0.00000000|0.00000000|0.00000000|0.00000000|0.00000000|0.00000000|0.06666667|0.00000000|0.00000000|0.00000000|0.00000000|0.00000000|0.00000000|0.00000000
0.14285714,0.0,0.0,0.0,0.0,0.0,0.0,0.0,0.0,0.0,0.0,0.0,0.0,0.0,0.0,0.0,0.0,0.14285714,0.0,0.0,0.14285714,0.0,0.0,0.0,0.0,0.14285714,0.0,0.07142857,0.0,0.0,0.0,0.0,0.0,0.0,0.0,0.0,0.0,0.0,0.0,0.0,0.07142857,0.14285714,0.0,0.0,0.0,0.0,0.0,0.0,0.14285714,0.14285714|0.00000000|0.00000000|0.00000000|0.00000000|0.00000000|0.00000000|0.00000000|0.00000000|0.00000000|0.00000000|0.00000000|0.00000000|0.00000000|0.00000000|0.00000000|0.00000000|0.14285714|0.00000000|0.00000000|0.14285714|0.00000000|0.00000000|0.00000000|0.00000000|0.14285714|0.00000000|0.07142857|0.00000000|0.00000000|0.00000000|0.00000000|0.00000000|0.00000000|0.00000000|0.00000000|0.00000000|0.00000000|0.00000000|0.00000000|0.07142857|0.14285714|0.00000000|0.00000000|0.00000000|0.00000000|0.00000000|0.00000000|0.14285714
0.14285714,0.0,0.0,0.0,0.0,0.0,0.0,0.0,0.0,0.0,0.0,0.0,0.0,0.0,0.0,0.0,0.0,0.28571429,0.0,0.0,0.0,0.0,0.0,0.0,0.0,0.14285714,0.0,0.0,0.0,0.0,0.0,0.0,0.0,0.0,0.0,0.0,0.0,0.0,0.0,0.14285714,0.0,0.0,0.14285714,0.0,0.0,0.0,0.0,0.0,0.14285714,0.14285714|0.00000000|0.00000000|0.00000000|0.00000000|0.00000000|0.00000000|0.00000000|0.00000000|0.00000000|0.00000000|0.00000000|0.00000000|0.00000000|0.00000000|0.00000000|0.00000000|0.28571429|0.00000000|0.00000000|0.00000000|0.00000000|0.00000000|0.00000000|0.00000000|0.14285714|0.00000000|0.00000000|0.00000000|0.00000000|0.00000000|0.00000000|0.00000000|0.00000000|0.00000000|0.00000000|0.00000000|0.00000000|0.00000000|0.14285714|0.00000000|0.00000000|0.14285714|0.00000000|0.00000000|0.00000000|0.00000000|0.00000000|0.14285714
0.15151515,0.0,0.0,0.0,0.0,0.0,0.0,0.0,0.0,0.0,0.0,0.0,0.0,0.0,0.0,0.0,0.0,0.24242424,0.0,0.0,0.0,0.0,0.0,0.15151515,0.0,0.0,0.0,0.0,0.0,0.0,0.0,0.0,0.0,0.0,0.0,0.0,0.0,0.0,0.0,0.15151515,0.15151515,0.0,0.15151515,0.0,0.0,0.0,0.0,0.0,0.0,0.15151515|0.00000000|0.00000000|0.00000000|0.00000000|0.00000000|0.00000000|0.00000000|0.00000000|0.00000000|0.00000000|0.00000000|0.00000000|0.00000000|0.00000000|0.00000000|0.00000000|0.24242424|0.00000000|0.00000000|0.00000000|0.00000000|0.00000000|0.15151515|0.00000000|0.00000000|0.00000000|0.00000000|0.00000000|0.00000000|0.00000000|0.00000000|0.00000000|0.00000000|0.00000000|0.00000000|0.00000000|0.00000000|0.00000000|0.15151515|0.15151515|0.00000000|0.15151515|0.00000000|0.00000000|0.00000000|0.00000000|0.00000000|0.00000000
0.15384615,0.0,0.0,0.0,0.0,0.0,0.0,0.0,0.0,0.0,0.0,0.0,0.0,0.0,0.0,0.0,0.0,0.15384615,0.0,0.0,0.0,0.0,0.0,0.0,0.0,0.15384615,0.0,0.0,0.0,0.0,0.0,0.0,0.0,0.0,0.0,0.0,0.0,0.0,0.0,0.0,0.0,0.15384615,0.15384615,0.0,0.0,0.0,0.0,0.0,0.23076923,0.15384615|0.00000000|0.00000000|0.00000000|0.00000000|0.00000000|0.00000000|0.00000000|0.00000000|0.00000000|0.00000000|0.00000000|0.00000000|0.00000000|0.00000000|0.00000000|0.00000000|0.15384615|0.00000000|0.00000000|0.00000000|0.00000000|0.00000000|0.00000000|0.00000000|0.15384615|0.00000000|0.00000000|0.00000000|0.00000000|0.00000000|0.00000000|0.00000000|0.00000000|0.00000000|0.00000000|0.00000000|0.00000000|0.00000000|0.00000000|0.00000000|0.15384615|0.15384615|0.00000000|0.00000000|0.00000000|0.00000000|0.00000000|0.23076923
0.15384615,0.0,0.0,0.0,0.0,0.0,0.0,0.0,0.0,0.0,0.0,0.0,0.0,0.0,0.0,0.0,0.0,0.15384615,0.0,0.0,0.15384615,0.0,0.0,0.0,0.0,0.15384615,0.0,0.07692308,0.0,0.0,0.0,0.0,0.0,0.0,0.0,0.0,0.0,0.0,0.0,0.0,0.07692308,0.15384615,0.0,0.0,0.0,0.0,0.0,0.0,0.07692308,0.15384615|0.00000000|0.00000000|0.00000000|0.00000000|0.00000000|0.00000000|0.00000000|0.00000000|0.00000000|0.00000000|0.00000000|0.00000000|0.00000000|0.00000000|0.00000000|0.00000000|0.15384615|0.00000000|0.00000000|0.15384615|0.00000000|0.00000000|0.00000000|0.00000000|0.15384615|0.00000000|0.07692308|0.00000000|0.00000000|0.00000000|0.00000000|0.00000000|0.00000000|0.00000000|0.00000000|0.00000000|0.00000000|0.00000000|0.00000000|0.07692308|0.15384615|0.00000000|0.00000000|0.00000000|0.00000000|0.00000000|0.00000000|0.07692308
0.15384615,0.0,0.0,0.0,0.0,0.0,0.0,0.0,0.0,0.0,0.0,0.0,0.0,0.0,0.0,0.0,0.15384615,0.07692308,0.0,0.0,0.0,0.0,0.0,0.0,0.0,0.15384615,0.0,0.0,0.0,0.0,0.0,0.0,0.0,0.0,0.0,0.0,0.0,0.0,0.0,0.0,0.15384615,0.15384615,0.0,0.0,0.0,0.0,0.0,0.0,0.15384615,0.15384615|0.00000000|0.00000000|0.00000000|0.00000000|0.00000000|0.00000000|0.00000000|0.00000000|0.00000000|0.00000000|0.00000000|0.00000000|0.00000000|0.00000000|0.00000000|0.15384615|0.07692308|0.00000000|0.00000000|0.00000000|0.00000000|0.00000000|0.00000000|0.00000000|0.15384615|0.00000000|0.00000000|0.00000000|0.00000000|0.00000000|0.00000000|0.00000000|0.00000000|0.00000000|0.00000000|0.00000000|0.00000000|0.00000000|0.00000000|0.15384615|0.15384615|0.00000000|0.00000000|0.00000000|0.00000000|0.00000000|0.00000000|0.15384615
0.16,0.0,0.0,0.0,0.0,0.0,0.0,0.0,0.0,0.0,0.0,0.0,0.0,0.0,0.0,0.0,0.0,0.32,0.0,0.0,0.0,0.0,0.0,0.0,0.0,0.16,0.0,0.0,0.0,0.0,0.0,0.0,0.0,0.0,0.0,0.0,0.0,0.0,0.0,0.16,0.0,0.0,0.16,0.0,0.0,0.0,0.0,0.0,0.04,0.16000000|0.00000000|0.00000000|0.00000000|0.00000000|0.00000000|0.00000000|0.00000000|0.00000000|0.00000000|0.00000000|0.00000000|0.00000000|0.00000000|0.00000000|0.00000000|0.00000000|0.32000000|0.00000000|0.00000000|0.00000000|0.00000000|0.00000000|0.00000000|0.00000000|0.16000000|0.00000000|0.00000000|0.00000000|0.00000000|0.00000000|0.00000000|0.00000000|0.00000000|0.00000000|0.00000000|0.00000000|0.00000000|0.00000000|0.16000000|0.00000000|0.00000000|0.16000000|0.00000000|0.00000000|0.00000000|0.00000000|0.00000000|0.04000000
0.16393443,0.0,0.0,0.0,0.0,0.0,0.0,0.0,0.0,0.0,0.0,0.0,0.0,0.0,0.0,0.0,0.0,0.32786885,0.0,0.0,0.0,0.0,0.0,0.0,0.0,0.16393443,0.0,0.0,0.0,0.0,0.0,0.0,0.0,0.0,0.0,0.0,0.0,0.0,0.0,0.16393443,0.0,0.0,0.16393443,0.0,0.0,0.0,0.0,0.0,0.01639344,0.16393443|0.00000000|0.00000000|0.00000000|0.00000000|0.00000000|0.00000000|0.00000000|0.00000000|0.00000000|0.00000000|0.00000000|0.00000000|0.00000000|0.00000000|0.00000000|0.00000000|0.32786885|0.00000000|0.00000000|0.00000000|0.00000000|0.00000000|0.00000000|0.00000000|0.16393443|0.00000000|0.00000000|0.00000000|0.00000000|0.00000000|0.00000000|0.00000000|0.00000000|0.00000000|0.00000000|0.00000000|0.00000000|0.00000000|0.16393443|0.00000000|0.00000000|0.16393443|0.00000000|0.00000000|0.00000000|0.00000000|0.00000000|0.01639344
0.16666667,0.0,0.0,0.0,0.0,0.0,0.0,0.0,0.0,0.0,0.0,0.0,0.0,0.0,0.0,0.0,0.0,0.08333333,0.0,0.0,0.0,0.0,0.0,0.0,0.0,0.16666667,0.0,0.0,0.0,0.0,0.0,0.0,0.0,0.0,0.0,0.0,0.0,0.0,0.0,0.0,0.13333333,0.25,0.03333333,0.0,0.0,0.0,0.0,0.0,0.16666667,0.16666667|0.00000000|0.00000000|0.00000000|0.00000000|0.00000000|0.00000000|0.00000000|0.00000000|0.00000000|0.00000000|0.00000000|0.00000000|0.00000000|0.00000000|0.00000000|0.00000000|0.08333333|0.00000000|0.00000000|0.00000000|0.00000000|0.00000000|0.00000000|0.00000000|0.16666667|0.00000000|0.00000000|0.00000000|0.00000000|0.00000000|0.00000000|0.00000000|0.00000000|0.00000000|0.00000000|0.00000000|0.00000000|0.00000000|0.00000000|0.13333333|0.25000000|0.03333333|0.00000000|0.00000000|0.00000000|0.00000000|0.00000000|0.16666667
0.16666667,0.0,0.0,0.0,0.0,0.0,0.0,0.0,0.0,0.0,0.0,0.0,0.0,0.0,0.0,0.0,0.0,0.16666667,0.0,0.0,0.0,0.0,0.0,0.0,0.0,0.16666667,0.0,0.0,0.0,0.0,0.0,0.0,0.0,0.0,0.0,0.0,0.0,0.0,0.0,0.0,0.0,0.16666667,0.16666667,0.0,0.0,0.0,0.0,0.0,0.16666667,0.16666667|0.00000000|0.00000000|0.00000000|0.00000000|0.00000000|0.00000000|0.00000000|0.00000000|0.00000000|0.00000000|0.00000000|0.00000000|0.00000000|0.00000000|0.00000000|0.00000000|0.16666667|0.00000000|0.00000000|0.00000000|0.00000000|0.00000000|0.00000000|0.00000000|0.16666667|0.00000000|0.00000000|0.00000000|0.00000000|0.00000000|0.00000000|0.00000000|0.00000000|0.00000000|0.00000000|0.00000000|0.00000000|0.00000000|0.00000000|0.00000000|0.16666667|0.16666667|0.00000000|0.00000000|0.00000000|0.00000000|0.00000000|0.16666667
0.16666667,0.0,0.0,0.0,0.0,0.0,0.0,0.0,0.0,0.0,0.0,0.0,0.0,0.0,0.0,0.0,0.0,0.16666667,0.0,0.0,0.0,0.0,0.0,0.0,0.0,0.16666667,0.0,0.0,0.0,0.0,0.0,0.0,0.0,0.0,0.0,0.0,0.0,0.0,0.0,0.0,0.16666667,0.16666667,0.16666667,0.0,0.0,0.0,0.0,0.0,0.0,0.16666667|0.00000000|0.00000000|0.00000000|0.00000000|0.00000000|0.00000000|0.00000000|0.00000000|0.00000000|0.00000000|0.00000000|0.00000000|0.00000000|0.00000000|0.00000000|0.00000000|0.16666667|0.00000000|0.00000000|0.00000000|0.00000000|0.00000000|0.00000000|0.00000000|0.16666667|0.00000000|0.00000000|0.00000000|0.00000000|0.00000000|0.00000000|0.00000000|0.00000000|0.00000000|0.00000000|0.00000000|0.00000000|0.00000000|0.00000000|0.16666667|0.16666667|0.16666667|0.00000000|0.00000000|0.00000000|0.00000000|0.00000000|0.00000000
0.16666667,0.0,0.0,0.0,0.0,0.0,0.0,0.0,0.0,0.0,0.0,0.0,0.0,0.0,0.0,0.0,0.0,0.16666667,0.0,0.0,0.0,0.0,0.0,0.0,0.0,0.25,0.0,0.0,0.0,0.0,0.0,0.0,0.0,0.0,0.0,0.0,0.0,0.0,0.0,0.0,0.08333333,0.25,0.0,0.0,0.0,0.0,0.0,0.0,0.08333333,0.16666667|0.00000000|0.00000000|0.00000000|0.00000000|0.00000000|0.00000000|0.00000000|0.00000000|0.00000000|0.00000000|0.00000000|0.00000000|0.00000000|0.00000000|0.00000000|0.00000000|0.16666667|0.00000000|0.00000000|0.00000000|0.00000000|0.00000000|0.00000000|0.00000000|0.25000000|0.00000000|0.00000000|0.00000000|0.00000000|0.00000000|0.00000000|0.00000000|0.00000000|0.00000000|0.00000000|0.00000000|0.00000000|0.00000000|0.00000000|0.08333333|0.25000000|0.00000000|0.00000000|0.00000000|0.00000000|0.00000000|0.00000000|0.08333333
0.16666667,0.0,0.0,0.0,0.0,0.0,0.0,0.0,0.0,0.0,0.0,0.0,0.0,0.0,0.0,0.0,0.0,0.16666667,0.0,0.0,0.16666667,0.0,0.0,0.0,0.0,0.16666667,0.0,0.16666667,0.0,0.0,0.0,0.0,0.0,0.0,0.0,0.0,0.0,0.0,0.0,0.0,0.0,0.16666667,0.0,0.0,0.0,0.0,0.0,0.0,0.0,0.16666667|0.00000000|0.00000000|0.00000000|0.00000000|0.00000000|0.00000000|0.00000000|0.00000000|0.00000000|0.00000000|0.00000000|0.00000000|0.00000000|0.00000000|0.00000000|0.00000000|0.16666667|0.00000000|0.00000000|0.16666667|0.00000000|0.00000000|0.00000000|0.00000000|0.16666667|0.00000000|0.16666667|0.00000000|0.00000000|0.00000000|0.00000000|0.00000000|0.00000000|0.00000000|0.00000000|0.00000000|0.00000000|0.00000000|0.00000000|0.00000000|0.16666667|0.00000000|0.00000000|0.00000000|0.00000000|0.00000000|0.00000000|0.00000000
0.16666667,0.0,0.0,0.0,0.0,0.0,0.0,0.0,0.0,0.0,0.0,0.0,0.0,0.0,0.0,0.0,0.0,0.33333333,0.0,0.0,0.0,0.0,0.0,0.0,0.0,0.16666667,0.0,0.0,0.0,0.0,0.0,0.0,0.0,0.0,0.0,0.0,0.0,0.0,0.0,0.16666667,0.0,0.0,0.16666667,0.0,0.0,0.0,0.0,0.0,0.0,0.16666667|0.00000000|0.00000000|0.00000000|0.00000000|0.00000000|0.00000000|0.00000000|0.00000000|0.00000000|0.00000000|0.00000000|0.00000000|0.00000000|0.00000000|0.00000000|0.00000000|0.33333333|0.00000000|0.00000000|0.00000000|0.00000000|0.00000000|0.00000000|0.00000000|0.16666667|0.00000000|0.00000000|0.00000000|0.00000000|0.00000000|0.00000000|0.00000000|0.00000000|0.00000000|0.00000000|0.00000000|0.00000000|0.00000000|0.16666667|0.00000000|0.00000000|0.16666667|0.00000000|0.00000000|0.00000000|0.00000000|0.00000000|0.00000000
0.16666667,0.0,0.0,0.0,0.0,0.0,0.0,0.0,0.0,0.0,0.0,0.0,0.0,0.0,0.0,0.0,0.1,0.06666667,0.0,0.0,0.0,0.0,0.0,0.0,0.0,0.16666667,0.0,0.0,0.0,0.0,0.0,0.0,0.0,0.0,0.0,0.0,0.0,0.0,0.0,0.0,0.16666667,0.16666667,0.0,0.0,0.0,0.0,0.0,0.0,0.16666667,0.16666667|0.00000000|0.00000000|0.00000000|0.00000000|0.00000000|0.00000000|0.00000000|0.00000000|0.00000000|0.00000000|0.00000000|0.00000000|0.00000000|0.00000000|0.00000000|0.10000000|0.06666667|0.00000000|0.00000000|0.00000000|0.00000000|0.00000000|0.00000000|0.00000000|0.16666667|0.00000000|0.00000000|0.00000000|0.00000000|0.00000000|0.00000000|0.00000000|0.00000000|0.00000000|0.00000000|0.00000000|0.00000000|0.00000000|0.00000000|0.16666667|0.16666667|0.00000000|0.00000000|0.00000000|0.00000000|0.00000000|0.00000000|0.16666667
0.16666667,0.0,0.0,0.0,0.0,0.0,0.0,0.0,0.0,0.16666667,0.0,0.0,0.0,0.0,0.0,0.0,0.0,0.08333333,0.0,0.0,0.0,0.0,0.0,0.0,0.0,0.16666667,0.0,0.0,0.0,0.0,0.0,0.0,0.0,0.0,0.0,0.0,0.0,0.0,0.0,0.0,0.0,0.33333333,0.08333333,0.0,0.0,0.0,0.0,0.0,0.0,0.16666667|0.00000000|0.00000000|0.00000000|0.00000000|0.00000000|0.00000000|0.00000000|0.00000000|0.16666667|0.00000000|0.00000000|0.00000000|0.00000000|0.00000000|0.00000000|0.00000000|0.08333333|0.00000000|0.00000000|0.00000000|0.00000000|0.00000000|0.00000000|0.00000000|0.16666667|0.00000000|0.00000000|0.00000000|0.00000000|0.00000000|0.00000000|0.00000000|0.00000000|0.00000000|0.00000000|0.00000000|0.00000000|0.00000000|0.00000000|0.00000000|0.33333333|0.08333333|0.00000000|0.00000000|0.00000000|0.00000000|0.00000000|0.00000000
0.17391304,0.0,0.0,0.0,0.0,0.0,0.0,0.0,0.0,0.0,0.0,0.0,0.0,0.0,0.0,0.0,0.0,0.13043478,0.0,0.0,0.0,0.0,0.0,0.17391304,0.0,0.17391304,0.0,0.0,0.0,0.0,0.0,0.0,0.0,0.0,0.0,0.0,0.0,0.0,0.0,0.0,0.0,0.17391304,0.17391304,0.0,0.0,0.0,0.0,0.0,0.0,0.17391304|0.00000000|0.00000000|0.00000000|0.00000000|0.00000000|0.00000000|0.00000000|0.00000000|0.00000000|0.00000000|0.00000000|0.00000000|0.00000000|0.00000000|0.00000000|0.00000000|0.13043478|0.00000000|0.00000000|0.00000000|0.00000000|0.00000000|0.17391304|0.00000000|0.17391304|0.00000000|0.00000000|0.00000000|0.00000000|0.00000000|0.00000000|0.00000000|0.00000000|0.00000000|0.00000000|0.00000000|0.00000000|0.00000000|0.00000000|0.00000000|0.17391304|0.17391304|0.00000000|0.00000000|0.00000000|0.00000000|0.00000000|0.00000000
0.18181818,0.0,0.0,0.0,0.0,0.0,0.0,0.0,0.0,0.0,0.0,0.0,0.0,0.0,0.0,0.0,0.0,0.09090909,0.0,0.0,0.0,0.0,0.0,0.09090909,0.0,0.18181818,0.0,0.0,0.0,0.0,0.0,0.0,0.0,0.0,0.0,0.0,0.0,0.0,0.0,0.0,0.09090909,0.18181818,0.0,0.0,0.0,0.0,0.0,0.0,0.18181818,0.18181818|0.00000000|0.00000000|0.00000000|0.00000000|0.00000000|0.00000000|0.00000000|0.00000000|0.00000000|0.00000000|0.00000000|0.00000000|0.00000000|0.00000000|0.00000000|0.00000000|0.09090909|0.00000000|0.00000000|0.00000000|0.00000000|0.00000000|0.09090909|0.00000000|0.18181818|0.00000000|0.00000000|0.00000000|0.00000000|0.00000000|0.00000000|0.00000000|0.00000000|0.00000000|0.00000000|0.00000000|0.00000000|0.00000000|0.00000000|0.09090909|0.18181818|0.00000000|0.00000000|0.00000000|0.00000000|0.00000000|0.00000000|0.18181818
0.18181818,0.0,0.0,0.0,0.0,0.0,0.0,0.0,0.0,0.0,0.0,0.0,0.0,0.0,0.0,0.0,0.0,0.18181818,0.0,0.0,0.0,0.0,0.0,0.0,0.0,0.18181818,0.0,0.0,0.0,0.0,0.0,0.0,0.0,0.0,0.0,0.0,0.0,0.0,0.0,0.0,0.0,0.18181818,0.18181818,0.0,0.0,0.0,0.0,0.0,0.09090909,0.18181818|0.00000000|0.00000000|0.00000000|0.00000000|0.00000000|0.00000000|0.00000000|0.00000000|0.00000000|0.00000000|0.00000000|0.00000000|0.00000000|0.00000000|0.00000000|0.00000000|0.18181818|0.00000000|0.00000000|0.00000000|0.00000000|0.00000000|0.00000000|0.00000000|0.18181818|0.00000000|0.00000000|0.00000000|0.00000000|0.00000000|0.00000000|0.00000000|0.00000000|0.00000000|0.00000000|0.00000000|0.00000000|0.00000000|0.00000000|0.00000000|0.18181818|0.18181818|0.00000000|0.00000000|0.00000000|0.00000000|0.00000000|0.09090909
0.19047619,0.0,0.0,0.0,0.0,0.0,0.0,0.0,0.0,0.0,0.0,0.0,0.0,0.0,0.0,0.0,0.0,0.04761905,0.0,0.0,0.0,0.0,0.0,0.19047619,0.0,0.19047619,0.0,0.0,0.0,0.0,0.0,0.0,0.0,0.0,0.0,0.0,0.0,0.0,0.0,0.0,0.0,0.19047619,0.19047619,0.0,0.0,0.0,0.0,0.0,0.0,0.19047619|0.00000000|0.00000000|0.00000000|0.00000000|0.00000000|0.00000000|0.00000000|0.00000000|0.00000000|0.00000000|0.00000000|0.00000000|0.00000000|0.00000000|0.00000000|0.00000000|0.04761905|0.00000000|0.00000000|0.00000000|0.00000000|0.00000000|0.19047619|0.00000000|0.19047619|0.00000000|0.00000000|0.00000000|0.00000000|0.00000000|0.00000000|0.00000000|0.00000000|0.00000000|0.00000000|0.00000000|0.00000000|0.00000000|0.00000000|0.00000000|0.19047619|0.19047619|0.00000000|0.00000000|0.00000000|0.00000000|0.00000000|0.00000000
0.2,0.0,0.0,0.0,0.0,0.0,0.0,0.0,0.0,0.0,0.0,0.0,0.0,0.0,0.0,0.0,0.0,0.2,0.0,0.0,0.0,0.0,0.0,0.0,0.0,0.2,0.0,0.0,0.0,0.0,0.0,0.0,0.0,0.0,0.0,0.0,0.0,0.0,0.0,0.0,0.0,0.2,0.2,0.0,0.0,0.0,0.0,0.0,0.0,0.20000000|0.00000000|0.00000000|0.00000000|0.00000000|0.00000000|0.00000000|0.00000000|0.00000000|0.00000000|0.00000000|0.00000000|0.00000000|0.00000000|0.00000000|0.00000000|0.00000000|0.20000000|0.00000000|0.00000000|0.00000000|0.00000000|0.00000000|0.00000000|0.00000000|0.20000000|0.00000000|0.00000000|0.00000000|0.00000000|0.00000000|0.00000000|0.00000000|0.00000000|0.00000000|0.00000000|0.00000000|0.00000000|0.00000000|0.00000000|0.00000000|0.20000000|0.20000000|0.00000000|0.00000000|0.00000000|0.00000000|0.00000000|0.00000000
0.2,0.0,0.0,0.0,0.0,0.0,0.0,0.0,0.0,0.0,0.0,0.0,0.0,0.0,0.0,0.0,0.0,0.2,0.0,0.0,0.0,0.0,0.0,0.0,0.0,0.2,0.0,0.0,0.0,0.0,0.0,0.0,0.0,0.0,0.0,0.0,0.0,0.0,0.0,0.0,0.1,0.2,0.0,0.0,0.0,0.0,0.0,0.0,0.1,0.20000000|0.00000000|0.00000000|0.00000000|0.00000000|0.00000000|0.00000000|0.00000000|0.00000000|0.00000000|0.00000000|0.00000000|0.00000000|0.00000000|0.00000000|0.00000000|0.00000000|0.20000000|0.00000000|0.00000000|0.00000000|0.00000000|0.00000000|0.00000000|0.00000000|0.20000000|0.00000000|0.00000000|0.00000000|0.00000000|0.00000000|0.00000000|0.00000000|0.00000000|0.00000000|0.00000000|0.00000000|0.00000000|0.00000000|0.00000000|0.10000000|0.20000000|0.00000000|0.00000000|0.00000000|0.00000000|0.00000000|0.00000000|0.10000000
0.71830986,0.0,0.0,0.0,0.0,0.0,0.0,0.0,0.0,0.0,0.0,0.0,0.0,0.0,0.0,0.0,0.0,0.0,0.0,0.0,0.0,0.0,0.0,0.07042254,0.0,0.0,0.0,0.0,0.0,0.0,0.0,0.0,0.0,0.0,0.0,0.0,0.0,0.0,0.0,0.0,0.07042254,0.07042254,0.07042254,0.0,0.0,0.0,0.0,0.0,0.0,0.71830986|0.00000000|0.00000000|0.00000000|0.00000000|0.00000000|0.00000000|0.00000000|0.00000000|0.00000000|0.00000000|0.00000000|0.00000000|0.00000000|0.00000000|0.00000000|0.00000000|0.00000000|0.00000000|0.00000000|0.00000000|0.00000000|0.00000000|0.07042254|0.00000000|0.00000000|0.00000000|0.00000000|0.00000000|0.00000000|0.00000000|0.00000000|0.00000000|0.00000000|0.00000000|0.00000000|0.00000000|0.00000000|0.00000000|0.00000000|0.07042254|0.07042254|0.07042254|0.00000000|0.00000000|0.00000000|0.00000000|0.00000000|0.00000000
